"庬椶","壙奿忣曬嬫暘","巗嬫挰懞僐乕僪","搒摴晎導柤","巗嬫挰懞柤","抧嬫柤","嵟婑墂丗柤徧","嵟婑墂丗嫍棧乮暘乯","庢堷壙奿乮憤妟乯","娫庢傝","柺愊乮噓乯","寶抸擭","寶暔偺峔憿","梡搑","崱屻偺棙梡栚揑","搒巗寁夋","寶傌偄棪乮亾乯","梕愊棪乮亾乯","庢堷帪婜","夵憰","庢堷偺帠忣摍"
"拞屆儅儞僔儑儞摍","惉栺壙奿忣曬","39201","崅抦導","崅抦巗","姏晹","埉挰嶰挌栚",7,25000000,"俀俴俢俲",75,"2017擭","俼俠","","","侾庬廧嫃","","","2024擭戞4巐敿婜","",""
"拞屆儅儞僔儑儞摍","惉栺壙奿忣曬","39201","崅抦導","崅抦巗","徍榓挰","","",18000000,"俁俴俢俲",80,"1998擭","俼俠","","","侾拞廧愱","","","2024擭戞4巐敿婜","",""
"拞屆儅儞僔儑儞摍","惉栺壙奿忣曬","39201","崅抦導","崅抦巗","撿愳揧","","",35000000,"俁俴俢俲",80,"2023擭","俼俠","","","弨岺嬈","","","2024擭戞4巐敿婜","",""
"拞屆儅儞僔儑儞摍","惉栺壙奿忣曬","39201","崅抦導","崅抦巗","恄揷","","",29000000,"俁俴俢俲",80,"2021擭","俼俠","","","侾拞廧愱","","","2024擭戞4巐敿婜","",""
"拞屆儅儞僔儑儞摍","惉栺壙奿忣曬","39201","崅抦導","崅抦巗","彙宍","僌儔儞僪捠",1,9000000,"俀俴俢俲",60,"1990擭","俽俼俠","","","","","","2024擭戞4巐敿婜","",""
"拞屆儅儞僔儑儞摍","惉栺壙奿忣曬","39201","崅抦導","崅抦巗","媑揷挰","","",28000000,"俁俴俢俲",75,"2014擭","俼俠","","","侾拞廧愱","","","2024擭戞4巐敿婜","",""
"拞屆儅儞僔儑儞摍","惉栺壙奿忣曬","39201","崅抦導","崅抦巗","忋挰","忋挰擇挌栚",3,16000000,"俁俴俢俲",70,"2003擭","俼俠","","","侾庬廧嫃","","","2024擭戞4巐敿婜","",""
"拞屆儅儞僔儑儞摍","惉栺壙奿忣曬","39201","崅抦導","崅抦巗","嶗攏応","瀍宍",6,28000000,"係俴俢俲",85,"2007擭","俼俠","","","侾拞廧愱","","","2024擭戞4巐敿婜","",""
"拞屆儅儞僔儑儞摍","惉栺壙奿忣曬","39201","崅抦導","崅抦巗","捛庤嬝","崅抦",12,32000000,"俁俴俢俲",65,"2022擭","俼俠","","","彜嬈","","","2024擭戞4巐敿婜","",""
"拞屆儅儞僔儑儞摍","惉栺壙奿忣曬","39201","崅抦導","崅抦巗","彫捗挰","瀍宍",10,32000000,"係俴俢俲",85,"2015擭","俼俠","","","侾庬廧嫃","","","2024擭戞4巐敿婜","",""
"拞屆儅儞僔儑儞摍","惉栺壙奿忣曬","39201","崅抦導","崅抦巗","彫捗挰","","",28000000,"俁俴俢俲",75,"2015擭","俼俠","","","","","","2024擭戞4巐敿婜","",""
"拞屆儅儞僔儑儞摍","惉栺壙奿忣曬","39201","崅抦導","崅抦巗","杒媣曐","","",20000000,"俁俴俢俲亄俽",80,"2002擭","俼俠","","","弨岺嬈","","","2024擭戞4巐敿婜","",""
"拞屆儅儞僔儑儞摍","惉栺壙奿忣曬","39201","崅抦導","崅抦巗","杒杮挰","崅抦",14,10000000,"俁俴俢俲",70,"1996擭","俼俠","","","弨岺嬈","","","2024擭戞4巐敿婜","",""
"拞屆儅儞僔儑儞摍","惉栺壙奿忣曬","39201","崅抦導","崅抦巗","杒杮挰","崅抦",14,10000000,"俁俴俢俲",70,"1996擭","俼俠","","","弨岺嬈","","","2024擭戞4巐敿婜","",""
"拞屆儅儞僔儑儞摍","惉栺壙奿忣曬","39201","崅抦導","崅抦巗","杒杮挰","崅抦",14,10000000,"俁俴俢俲",70,"1996擭","俼俠","","","弨岺嬈","","","2024擭戞4巐敿婜","",""
"拞屆儅儞僔儑儞摍","惉栺壙奿忣曬","39201","崅抦導","崅抦巗","杒杮挰","崅抦",5,15000000,"俁俴俢俲",65,"1983擭","俽俼俠","","","","","","2024擭戞4巐敿婜","",""
"拞屆儅儞僔儑儞摍","惉栺壙奿忣曬","39201","崅抦導","崅抦巗","杒杮挰","崅抦",14,10000000,"俁俴俢俲",65,"1989擭","俽俼俠","","","弨岺嬈","","","2024擭戞4巐敿婜","",""
"拞屆儅儞僔儑儞摍","惉栺壙奿忣曬","39201","崅抦導","崅抦巗","杒杮挰","","",31000000,"俁俴俢俲",85,"2020擭","俼俠","","","","","","2024擭戞4巐敿婜","",""
"拞屆儅儞僔儑儞摍","惉栺壙奿忣曬","39201","崅抦導","崅抦巗","嶸嫶捠","嶸嫶捠巐挌栚",5,16000000,"俁俴俢俲",85,"1997擭","俼俠","","","弨岺嬈","","","2024擭戞4巐敿婜","夵憰嵪傒",""
"拞屆儅儞僔儑儞摍","惉栺壙奿忣曬","39201","崅抦導","崅抦巗","挬憅惣挰","","",8600000,"俁俴俢俲",75,"1991擭","俼俠","","","侾庬廧嫃","","","2024擭戞4巐敿婜","",""
"拞屆儅儞僔儑儞摍","惉栺壙奿忣曬","39201","崅抦導","崅抦巗","埉挰","埉墂慜捠",3,14000000,"俁俴俢俲",75,"1986擭","俽俼俠","","","嬤椬彜嬈","","","2025擭戞1巐敿婜","",""
"拞屆儅儞僔儑儞摍","惉栺壙奿忣曬","39201","崅抦導","崅抦巗","埉挰","埉墂慜捠",3,17000000,"侾俴俢俲亄俽",65,"1986擭","俼俠","","","嬤椬彜嬈","","","2025擭戞1巐敿婜","夵憰嵪傒",""
"拞屆儅儞僔儑儞摍","惉栺壙奿忣曬","39201","崅抦導","崅抦巗","墇慜挰","墌峴帥岥",7,30000000,"俁俴俢俲",75,"2021擭","俼俠","","","嬤椬彜嬈","","","2025擭戞1巐敿婜","",""
"拞屆儅儞僔儑儞摍","惉栺壙奿忣曬","39201","崅抦導","崅抦巗","姏晹","","",8800000,"俁俴俢俲",75,"1977擭","俽俼俠","","","侾庬廧嫃","","","2025擭戞1巐敿婜","",""
"拞屆儅儞僔儑儞摍","惉栺壙奿忣曬","39201","崅抦導","崅抦巗","忛尒挰","","",18000000,"俁俴俢俲",70,"1999擭","俼俠","","","彜嬈","","","2025擭戞1巐敿婜","",""
"拞屆儅儞僔儑儞摍","惉栺壙奿忣曬","39201","崅抦導","崅抦巗","挬憅墶挰","","",27000000,"俁俴俢俲亄俽",85,"2022擭","俼俠","","","侾拞廧愱","","","2025擭戞2巐敿婜","",""
"拞屆儅儞僔儑儞摍","惉栺壙奿忣曬","39201","崅抦導","崅抦巗","墇慜挰","","",25000000,"俁俴俢俲亄俽",80,"2010擭","俼俠","","","嬤椬彜嬈","","","2025擭戞2巐敿婜","",""
"拞屆儅儞僔儑儞摍","惉栺壙奿忣曬","39201","崅抦導","崅抦巗","妺搰","導棫旤弍娰捠",6,9500000,"俀俴俢俲",60,"1988擭","俽俼俠","","","侾拞廧愱","","","2025擭戞2巐敿婜","",""
"拞屆儅儞僔儑儞摍","惉栺壙奿忣曬","39201","崅抦導","崅抦巗","姏晹","姏晹",11,12000000,"俀俴俢俲亄俽",70,"1997擭","俼俠","","","侾拞廧愱","","","2025擭戞2巐敿婜","",""
"拞屆儅儞僔儑儞摍","惉栺壙奿忣曬","39201","崅抦導","崅抦巗","姏晹","","",13000000,"俀俴俢俲",65,"1977擭","俽俼俠","","","侾庬廧嫃","","","2025擭戞2巐敿婜","",""
"拞屆儅儞僔儑儞摍","惉栺壙奿忣曬","39201","崅抦導","崅抦巗","嬍悈挰","忋挰屲挌栚",3,17000000,"俁俴俢俲",90,"2001擭","俽俼俠","","","彜嬈","","","2025擭戞2巐敿婜","",""
"拞屆儅儞僔儑儞摍","惉栺壙奿忣曬","39201","崅抦導","崅抦巗","杮挰","杧媗",1,26000000,"俁俴俢俲",70,"2013擭","俼俠","","","彜嬈","","","2025擭戞2巐敿婜","",""
"拞屆儅儞僔儑儞摍","惉栺壙奿忣曬","39201","崅抦導","崅抦巗","妺搰","導棫旤弍娰捠",2,11000000,"俀俴俢俲",55,"1991擭","俽俼俠","","","弨岺嬈","","","2025擭戞3巐敿婜","",""
"拞屆儅儞僔儑儞摍","惉栺壙奿忣曬","39201","崅抦導","崅抦巗","夘椙","","",14000000,"俀俴俢俲",65,"2005擭","俼俠","","","弨岺嬈","","","2025擭戞3巐敿婜","",""
"拞屆儅儞僔儑儞摍","惉栺壙奿忣曬","39201","崅抦導","崅抦巗","嬍悈挰","忋挰屲挌栚",3,19000000,"俁俴俢俲",90,"2001擭","俽俼俠","","","彜嬈","","","2025擭戞3巐敿婜","",""
"拞屆儅儞僔儑儞摍","惉栺壙奿忣曬","39201","崅抦導","崅抦巗","嬍悈挰","忋挰屲挌栚",3,24000000,"俁俴俢俲",70,"2012擭","俼俠","","","彜嬈","","","2025擭戞3巐敿婜","",""
"拞屆儅儞僔儑儞摍","惉栺壙奿忣曬","39201","崅抦導","崅抦巗","杮挰","導挕慜(崅抦)",2,45000000,"俁俴俢俲",85,"2021擭","俼俠","","","彜嬈","","","2025擭戞3巐敿婜","",""
"拞屆儅儞僔儑儞摍","惉栺壙奿忣曬","39201","崅抦導","崅抦巗","撿僲娵挰","嶸嫶捠巐挌栚",4,6600000,"俁俢俲",50,"1976擭","俽俼俠","","","岺嬈","","","2025擭戞3巐敿婜","",""
"拞屆儅儞僔儑儞摍","惉栺壙奿忣曬","39201","崅抦導","崅抦巗","彫憅挰","抦婑挰嶰挌栚",3,17000000,"係俴俢俲",85,"2002擭","俼俠","","","岺嬈","","","2025擭戞1巐敿婜","",""
"拞屆儅儞僔儑儞摍","惉栺壙奿忣曬","39201","崅抦導","崅抦巗","恄揷","","",22000000,"俀俴俢俲",75,"2017擭","俼俠","","","弨岺嬈","","","2025擭戞1巐敿婜","",""
"拞屆儅儞僔儑儞摍","惉栺壙奿忣曬","39201","崅抦導","崅抦巗","崅恵","夘椙捠",4,20000000,"俁俴俢俲亄俽",85,"1998擭","俽俼俠","","","弨岺嬈","","","2025擭戞1巐敿婜","",""
"拞屆儅儞僔儑儞摍","惉栺壙奿忣曬","39201","崅抦導","崅抦巗","榓愹挰","崅抦",10,35000000,"俁俴俢俲",120,"2005擭","俼俠","","","侾拞廧愱","","","2025擭戞2巐敿婜","",""
"拞屆儅儞僔儑儞摍","惉栺壙奿忣曬","39201","崅抦導","崅抦巗","戝愳嬝","擖柧",6,46000000,"俁俴俢俲",95,"2020擭","俼俠","","","嬤椬彜嬈","","","2025擭戞2巐敿婜","",""
"拞屆儅儞僔儑儞摍","惉栺壙奿忣曬","39201","崅抦導","崅抦巗","戝愳嬝","","",13000000,"俁俴俢俲",80,"1986擭","俼俠","","","彜嬈","","","2025擭戞2巐敿婜","",""
"拞屆儅儞僔儑儞摍","惉栺壙奿忣曬","39201","崅抦導","崅抦巗","恄揷","","",22000000,"俁俴俢俲",80,"1997擭","俼俠","","","弨岺嬈","","","2025擭戞2巐敿婜","夵憰嵪傒",""
"拞屆儅儞僔儑儞摍","惉栺壙奿忣曬","39201","崅抦導","崅抦巗","恄揷","","",19000000,"俁俴俢俲",75,"2017擭","俼俠","","","弨岺嬈","","","2025擭戞2巐敿婜","",""
"拞屆儅儞僔儑儞摍","惉栺壙奿忣曬","39201","崅抦導","崅抦巗","忛嶳挰","","",24000000,"俀俴俢俲",75,"2010擭","俼俠","","","弨岺嬈","","","2025擭戞2巐敿婜","",""
"拞屆儅儞僔儑儞摍","惉栺壙奿忣曬","39201","崅抦導","崅抦巗","崅恵","怴栘(崅抦)",4,12000000,"俁俴俢俲",70,"1995擭","俼俠","","","弨岺嬈","","","2025擭戞2巐敿婜","",""
"拞屆儅儞僔儑儞摍","惉栺壙奿忣曬","39201","崅抦導","崅抦巗","恄揷","","",19000000,"俁俴俢俲",85,"2003擭","俽俼俠","","","弨岺嬈","","","2025擭戞3巐敿婜","",""
"拞屆儅儞僔儑儞摍","惉栺壙奿忣曬","39201","崅抦導","崅抦巗","崅恵","夘椙捠",5,23000000,"俁俴俢俲",90,"2006擭","俼俠","","","弨岺嬈","","","2025擭戞3巐敿婜","",""
"拞屆儅儞僔儑儞摍","惉栺壙奿忣曬","39201","崅抦導","崅抦巗","抦婑挰","抦婑挰擇挌栚",1,12000000,"俀俴俢俲",65,"1997擭","俼俠","","","彜嬈","","","2025擭戞3巐敿婜","",""
"拞屆儅儞僔儑儞摍","惉栺壙奿忣曬","39201","崅抦導","崅抦巗","攡僲捯","攡偺捯",2,15000000,"俀俴俢俲",75,"2000擭","俽俼俠","","","彜嬈","","","2025擭戞1巐敿婜","",""
"拞屆儅儞僔儑儞摍","惉栺壙奿忣曬","39201","崅抦導","崅抦巗","嶗攏応","瀍宍",6,24000000,"俁俴俢俲",70,"2007擭","俼俠","","","侾拞廧愱","","","2025擭戞1巐敿婜","",""
"拞屆儅儞僔儑儞摍","惉栺壙奿忣曬","39201","崅抦導","崅抦巗","怴杮挰","","",37000000,"俁俴俢俲",75,"2023擭","俼俠","","","侾拞廧愱","","","2025擭戞1巐敿婜","",""
"拞屆儅儞僔儑儞摍","惉栺壙奿忣曬","39201","崅抦導","崅抦巗","戦彔挰","導挕慜(崅抦)",4,20000000,"係俴俢俲",105,"2006擭","俼俠","","","","","","2025擭戞1巐敿婜","",""
"拞屆儅儞僔儑儞摍","惉栺壙奿忣曬","39201","崅抦導","崅抦巗","杒怴揷挰","曮塱挰",12,17000000,"俁俴俢俲",75,"2003擭","俼俠","","","弨岺嬈","","","2025擭戞2巐敿婜","",""
"拞屆儅儞僔儑儞摍","惉栺壙奿忣曬","39201","崅抦導","崅抦巗","嶗攏応","瀍宍",6,25000000,"俁俴俢俲",70,"2007擭","俼俠","","","侾拞廧愱","","","2025擭戞2巐敿婜","",""
"拞屆儅儞僔儑儞摍","惉栺壙奿忣曬","39201","崅抦導","崅抦巗","偼傝傑傗挰","","",40000000,"俀俴俢俲亄俽",95,"2019擭","俼俠","","","彜嬈","","","2025擭戞2巐敿婜","",""
"拞屆儅儞僔儑儞摍","惉栺壙奿忣曬","39201","崅抦導","崅抦巗","偼傝傑傗挰","楡抮挰捠",4,35000000,"俁俴俢俲",95,"2014擭","俼俠","","","彜嬈","","","2025擭戞2巐敿婜","",""
"拞屆儅儞僔儑儞摍","惉栺壙奿忣曬","39201","崅抦導","崅抦巗","搨恖挰","偼傝傑傗嫶",6,9000000,"俀俴俢俲",90,"1981擭","俽俼俠","","","彜嬈","","","2025擭戞3巐敿婜","",""
"拞屆儅儞僔儑儞摍","惉栺壙奿忣曬","39201","崅抦導","崅抦巗","擇梩挰","抦婑挰堦挌栚",2,5300000,"俁俢俲",60,"1974擭","俽俼俠","","","弨岺嬈","","","2025擭戞3巐敿婜","",""
"拞屆儅儞僔儑儞摍","惉栺壙奿忣曬","39201","崅抦導","崅抦巗","杒媣曐","","",23000000,"俀俴俢俲",75,"2012擭","俼俠","","","弨岺嬈","","","2025擭戞1巐敿婜","",""
"拞屆儅儞僔儑儞摍","惉栺壙奿忣曬","39201","崅抦導","崅抦巗","杒杮挰","崅抦",4,62000000,"俆俴俢俲",135,"2020擭","俼俠","","","彜嬈","","","2025擭戞1巐敿婜","",""
"拞屆儅儞僔儑儞摍","惉栺壙奿忣曬","39201","崅抦導","崅抦巗","杒杮挰","","",24000000,"俁俴俢俲",85,"2003擭","俼俠","","","","","","2025擭戞1巐敿婜","",""
"拞屆儅儞僔儑儞摍","惉栺壙奿忣曬","39201","崅抦導","崅抦巗","杒杮挰","崅抦",14,15000000,"俁俴俢俲",70,"1996擭","俼俠","","","弨岺嬈","","","2025擭戞1巐敿婜","",""
"拞屆儅儞僔儑儞摍","惉栺壙奿忣曬","39201","崅抦導","崅抦巗","杒杮挰","崅抦",14,15000000,"俁俴俢俲",70,"1996擭","俼俠","","","弨岺嬈","","","2025擭戞1巐敿婜","",""
"拞屆儅儞僔儑儞摍","惉栺壙奿忣曬","39201","崅抦導","崅抦巗","嶗堜挰","曮塱挰",6,25000000,"俁俴俢俲",80,"2009擭","俼俠","","","侾庬廧嫃","","","2025擭戞1巐敿婜","夵憰嵪傒",""
"拞屆儅儞僔儑儞摍","惉栺壙奿忣曬","39201","崅抦導","崅抦巗","嶗堜挰","曮塱挰",7,26000000,"俀俴俢俲亄俽",75,"2009擭","俼俠","","","侾庬廧嫃","","","2025擭戞1巐敿婜","",""
"拞屆儅儞僔儑儞摍","惉栺壙奿忣曬","39201","崅抦導","崅抦巗","嶸嫶捠","嶸嫶捠巐挌栚",3,12000000,"係俴俢俲",85,"1995擭","俽俼俠","","","岺嬈","","","2025擭戞1巐敿婜","",""
"拞屆儅儞僔儑儞摍","惉栺壙奿忣曬","39201","崅抦導","崅抦巗","嶸嫶捠","攡偺捯",4,7400000,"係俴俢俲",85,"1984擭","俽俼俠","","","彜嬈","","","2025擭戞1巐敿婜","",""
"拞屆儅儞僔儑儞摍","惉栺壙奿忣曬","39201","崅抦導","崅抦巗","嶸嫶捠","嶸嫶捠擇挌栚",3,15000000,"俀俴俢俲亄俽",80,"2002擭","俽俼俠","","","彜嬈","","","2025擭戞1巐敿婜","",""
"拞屆儅儞僔儑儞摍","惉栺壙奿忣曬","39201","崅抦導","崅抦巗","嶸嫶捠","嶸嫶捠巐挌栚",4,11000000,"俀俴俢俲",65,"1996擭","俽俼俠","","","岺嬈","","","2025擭戞1巐敿婜","",""
"拞屆儅儞僔儑儞摍","惉栺壙奿忣曬","39201","崅抦導","崅抦巗","崅恵怴挰","導棫旤弍娰捠",7,17000000,"俁俴俢俲",65,"2004擭","俼俠","","","侾拞廧愱","","","2025擭戞1巐敿婜","",""
"拞屆儅儞僔儑儞摍","惉栺壙奿忣曬","39201","崅抦導","崅抦巗","斾搰挰","崅抦",15,14000000,"俁俴俢俲",70,"1993擭","俽俼俠","","","侾庬廧嫃","","","2025擭戞1巐敿婜","",""
"拞屆儅儞僔儑儞摍","惉栺壙奿忣曬","39201","崅抦導","崅抦巗","垽搯嶳撿挰","","",38000000,"俁俴俢俲亄俽",90,"2016擭","俼俠","","","侾拞廧愱","","","2025擭戞2巐敿婜","",""
"拞屆儅儞僔儑儞摍","惉栺壙奿忣曬","39201","崅抦導","崅抦巗","垽搯嶳撿挰","","",28000000,"俁俴俢俲",75,"2016擭","俼俠","","","侾拞廧愱","","","2025擭戞2巐敿婜","",""
"拞屆儅儞僔儑儞摍","惉栺壙奿忣曬","39201","崅抦導","崅抦巗","堫壸挰","","",12000000,"俁俴俢俲",80,"1990擭","俽俼俠","","","彜嬈","","","2025擭戞2巐敿婜","",""
"拞屆儅儞僔儑儞摍","惉栺壙奿忣曬","39201","崅抦導","崅抦巗","捛庤嬝","崅抦",12,32000000,"俁俴俢俲",65,"2022擭","俼俠","","","彜嬈","","","2025擭戞2巐敿婜","",""
"拞屆儅儞僔儑儞摍","惉栺壙奿忣曬","39201","崅抦導","崅抦巗","杒崅尒挰","","",21000000,"俁俴俢俲",85,"2007擭","俼俠","","","侾庬廧嫃","","","2025擭戞2巐敿婜","",""
"拞屆儅儞僔儑儞摍","惉栺壙奿忣曬","39201","崅抦導","崅抦巗","杒杮挰","崅抦",14,16000000,"俁俴俢俲",70,"1996擭","俼俠","","","弨岺嬈","","","2025擭戞2巐敿婜","",""
"拞屆儅儞僔儑儞摍","惉栺壙奿忣曬","39201","崅抦導","崅抦巗","杒杮挰","","",17000000,"俁俴俢俲",75,"2003擭","俼俠","","","嬤椬彜嬈","","","2025擭戞2巐敿婜","",""
"拞屆儅儞僔儑儞摍","惉栺壙奿忣曬","39201","崅抦導","崅抦巗","嶗堜挰","曮塱挰",7,35000000,"俁俴俢俲",105,"2009擭","俼俠","","","侾庬廧嫃","","","2025擭戞2巐敿婜","",""
"拞屆儅儞僔儑儞摍","惉栺壙奿忣曬","39201","崅抦導","崅抦巗","嶗堜挰","嵷墍応挰","",8800000,"俀俴俢俲",60,"1990擭","俽俼俠","","","彜嬈","","","2025擭戞2巐敿婜","",""
"拞屆儅儞僔儑儞摍","惉栺壙奿忣曬","39201","崅抦導","崅抦巗","嶸嫶捠","嶸嫶捠巐挌栚",3,18000000,"俁俴俢俲",75,"1996擭","俽俼俠","","","岺嬈","","","2025擭戞2巐敿婜","",""
"拞屆儅儞僔儑儞摍","惉栺壙奿忣曬","39201","崅抦導","崅抦巗","庬嶈","","",4300000,"俁俴俢俲",90,"1978擭","俽俼俠","","","侾庬廧嫃","","","2025擭戞2巐敿婜","",""
"拞屆儅儞僔儑儞摍","惉栺壙奿忣曬","39201","崅抦導","崅抦巗","恓栘搶挰","","",20000000,"係俴俢俲",100,"2003擭","俽俼俠","","","弨岺嬈","","","2025擭戞2巐敿婜","",""
"拞屆儅儞僔儑儞摍","惉栺壙奿忣曬","39201","崅抦導","崅抦巗","撿偼傝傑傗挰","偼傝傑傗嫶",3,12000000,"俁俴俢俲",85,"1991擭","俽俼俠","","","彜嬈","","","2025擭戞2巐敿婜","",""
"拞屆儅儞僔儑儞摍","惉栺壙奿忣曬","39201","崅抦導","崅抦巗","杒杮挰","","",28000000,"俀俴俢俲",70,"2021擭","俼俠","","","嬤椬彜嬈","","","2025擭戞3巐敿婜","",""
"拞屆儅儞僔儑儞摍","惉栺壙奿忣曬","39201","崅抦導","崅抦巗","嬨斀揷","嵷墍応挰",4,21000000,"俁俴俢俲",100,"1993擭","俼俠","","","彜嬈","","","2025擭戞3巐敿婜","",""
"拞屆儅儞僔儑儞摍","惉栺壙奿忣曬","39201","崅抦導","崅抦巗","撿偼傝傑傗挰","僨儞僥僣僞乕儈僫儖價儖慜",3,3500000,"侾俼",20,"1991擭","俽俼俠","","","彜嬈","","","2025擭戞3巐敿婜","",""
"拞屆儅儞僔儑儞摍","晄摦嶻庢堷壙奿忣曬","39201","崅抦導","崅抦巗","挬憅惣挰","挬憅(俰俼)",25,15000000,"係俴俢俲",70,"1991擭","俼俠","廧戭","廧戭","侾庬廧嫃",60,200,"2025擭戞1巐敿婜","夵憰嵪傒",""
"拞屆儅儞僔儑儞摍","晄摦嶻庢堷壙奿忣曬","39201","崅抦導","崅抦巗","挬憅惣挰","挬憅(俰俼)",25,12000000,"俁俴俢俲",70,"1991擭","俼俠","","廧戭","侾庬廧嫃",60,200,"2025擭戞1巐敿婜","",""
"拞屆儅儞僔儑儞摍","晄摦嶻庢堷壙奿忣曬","39201","崅抦導","崅抦巗","堦媨搶挰","搚嵅堦媨",23,16000000,"係俴俢俲",90,"2002擭","俽俼俠","廧戭","廧戭","弨岺嬈",60,200,"2024擭戞4巐敿婜","枹夵憰",""
"拞屆儅儞僔儑儞摍","晄摦嶻庢堷壙奿忣曬","39201","崅抦導","崅抦巗","墇慜挰","墌峴帥岥",6,25000000,"俁俴俢俲",75,"2010擭","俼俠","廧戭","廧戭","嬤椬彜嬈",80,300,"2025擭戞2巐敿婜","枹夵憰",""
"拞屆儅儞僔儑儞摍","晄摦嶻庢堷壙奿忣曬","39201","崅抦導","崅抦巗","戝扟岞墍挰","挬憅(俰俼)",25,13000000,"係俴俢俲",85,"1996擭","俼俠","廧戭","廧戭","侾拞廧愱",60,200,"2025擭戞1巐敿婜","枹夵憰",""
"拞屆儅儞僔儑儞摍","晄摦嶻庢堷壙奿忣曬","39201","崅抦導","崅抦巗","彫捗挰","擖柧",8,32000000,"係俴俢俲",80,"2015擭","俼俠","","廧戭","侾庬廧嫃",60,200,"2024擭戞4巐敿婜","枹夵憰",""
"拞屆儅儞僔儑儞摍","晄摦嶻庢堷壙奿忣曬","39201","崅抦導","崅抦巗","忋挰","墌峴帥岥",18,2300000,"侾俲",25,"1991擭","俼俠","廧戭","廧戭","侾庬廧嫃",60,200,"2025擭戞3巐敿婜","枹夵憰",""
"拞屆儅儞僔儑儞摍","晄摦嶻庢堷壙奿忣曬","39201","崅抦導","崅抦巗","姏晹","挬憅(俰俼)",20,22000000,"俁俴俢俲",70,"1992擭","俼俠","","廧戭","侾拞廧愱",60,200,"2024擭戞4巐敿婜","夵憰嵪傒",""
"拞屆儅儞僔儑儞摍","晄摦嶻庢堷壙奿忣曬","39201","崅抦導","崅抦巗","姏晹","埉(崅抦)",20,17000000,"俁俴俢俲",70,"2002擭","俽俼俠","廧戭","廧戭","嬤椬彜嬈",80,200,"2025擭戞2巐敿婜","夵憰嵪傒",""
"拞屆儅儞僔儑儞摍","晄摦嶻庢堷壙奿忣曬","39201","崅抦導","崅抦巗","姏晹","埉(崅抦)",16,14000000,"俁俴俢俲",70,"1977擭","俽俼俠","","廧戭","弨岺嬈",60,200,"2025擭戞2巐敿婜","夵憰嵪傒",""
"拞屆儅儞僔儑儞摍","晄摦嶻庢堷壙奿忣曬","39201","崅抦導","崅抦巗","嬨斀揷","崅抦",24,26000000,"俁俴俢俲",80,"2007擭","俼俠","廧戭","廧戭","侾庬廧嫃",60,200,"2024擭戞4巐敿婜","枹夵憰",""
"拞屆儅儞僔儑儞摍","晄摦嶻庢堷壙奿忣曬","39201","崅抦導","崅抦巗","恄揷","埉(崅抦)",28,19000000,"俁俴俢俲",80,"2003擭","俽俼俠","廧戭","廧戭","弨岺嬈",60,200,"2025擭戞3巐敿婜","夵憰嵪傒",""
"拞屆儅儞僔儑儞摍","晄摦嶻庢堷壙奿忣曬","39201","崅抦導","崅抦巗","恄揷","埉(崅抦)","30暘乣60暘",3800000,"俀俢俲",35,"1984擭","揝崪憿","廧戭","廧戭","侾拞廧愱",60,200,"2025擭戞2巐敿婜","夵憰嵪傒",""
"拞屆儅儞僔儑儞摍","晄摦嶻庢堷壙奿忣曬","39201","崅抦導","崅抦巗","嶸嫶捠","崅抦",25,7400000,"係俴俢俲",75,"1984擭","俽俼俠","廧戭","","彜嬈",80,400,"2025擭戞1巐敿婜","枹夵憰",""
"拞屆儅儞僔儑儞摍","晄摦嶻庢堷壙奿忣曬","39201","崅抦導","崅抦巗","撽庤挰","埉(崅抦)",8,21000000,"俁俴俢俲",75,"2007擭","俼俠","廧戭","廧戭","侾拞廧愱",60,200,"2025擭戞2巐敿婜","枹夵憰",""
"拞屆儅儞僔儑儞摍","晄摦嶻庢堷壙奿忣曬","39201","崅抦導","崅抦巗","擓戙挰","杧媗",9,1800000,"侾俲",20,"1988擭","俽俼俠","廧戭","廧戭","彜嬈",80,400,"2025擭戞1巐敿婜","枹夵憰",""
"拞屆儅儞僔儑儞摍","晄摦嶻庢堷壙奿忣曬","39201","崅抦導","崅抦巗","偼傝傑傗挰","崅抦",11,36000000,"俁俴俢俲",80,"2014擭","俼俠","","廧戭","彜嬈",80,400,"2024擭戞4巐敿婜","枹夵憰",""
"拞屆儅儞僔儑儞摍","晄摦嶻庢堷壙奿忣曬","39201","崅抦導","崅抦巗","斾搰挰","崅抦","2H乣",15000000,"俁俴俢俲",65,"","","","廧戭","","","","2025擭戞3巐敿婜","枹夵憰",""
"拞屆儅儞僔儑儞摍","晄摦嶻庢堷壙奿忣曬","39201","崅抦導","崅抦巗","斾搰挰","崅抦",13,14000000,"俁俴俢俲",65,"1993擭","俽俼俠","廧戭","廧戭","侾庬廧嫃",60,200,"2025擭戞1巐敿婜","枹夵憰",""
"拞屆儅儞僔儑儞摍","晄摦嶻庢堷壙奿忣曬","39201","崅抦導","崅抦巗","斾搰挰","崅抦",15,7500000,"俁俴俢俲",65,"","","","廧戭","侾庬廧嫃",60,200,"2024擭戞4巐敿婜","枹夵憰",""
"拞屆儅儞僔儑儞摍","晄摦嶻庢堷壙奿忣曬","39201","崅抦導","崅抦巗","杮挰","崅抦",25,37000000,"俁俴俢俲",80,"2016擭","俼俠","廧戭","廧戭","彜嬈",80,500,"2025擭戞1巐敿婜","枹夵憰",""
"拞屆儅儞僔儑儞摍","晄摦嶻庢堷壙奿忣曬","39201","崅抦導","崅抦巗","彙宍","崅抦",26,9000000,"俀俴俢俲",50,"1990擭","俽俼俠","廧戭","廧戭","彜嬈",80,500,"2024擭戞4巐敿婜","枹夵憰",""
"拞屆儅儞僔儑儞摍","晄摦嶻庢堷壙奿忣曬","39201","崅抦導","崅抦巗","娵僲撪","擖柧",13,24000000,"俁俴俢俲",80,"2005擭","俼俠","廧戭","廧戭","彜嬈",80,400,"2024擭戞4巐敿婜","枹夵憰",""
"拞屆儅儞僔儑儞摍","晄摦嶻庢堷壙奿忣曬","39201","崅抦導","崅抦巗","傒偯偒","墌峴帥岥",28,1500000,"俁俴俢俲",75,"","","","廧戭","","","","2025擭戞1巐敿婜","枹夵憰",""
"拞屆儅儞僔儑儞摍","晄摦嶻庢堷壙奿忣曬","39201","崅抦導","崅抦巗","撿愳揧","錒栰",15,30000000,"俁俴俢俲",70,"2019擭","俼俠","廧戭","廧戭","弨岺嬈",60,200,"2025擭戞2巐敿婜","枹夵憰",""
