"種類","価格情報区分","地域","市区町村コード","都道府県名","市区町村名","地区名","最寄駅：名称","最寄駅：距離（分）","取引価格（総額）","面積（㎡）","土地の形状","間口","延床面積（㎡）","建築年","建物の構造","用途","今後の利用目的","前面道路：方位","前面道路：種類","前面道路：幅員（ｍ）","都市計画","建ぺい率（％）","容積率（％）","取引時期","取引の事情等"
"宅地(土地と建物)","成約価格情報","","31201","鳥取県","鳥取市","行徳","鳥取","",28000000,195,"","",105,"2024年","木造","","","東","公道",6,"１種住居",60,200,"2024年第4四半期",""
"宅地(土地と建物)","成約価格情報","","31201","鳥取県","鳥取市","行徳","鳥取",20,2000000,70,"","",110,"1971年","木造","","","西","公道",4,"１種住居",60,200,"2024年第4四半期",""
"宅地(土地と建物)","成約価格情報","","31201","鳥取県","鳥取市","行徳","鳥取",20,2000000,70,"","",110,"1971年","木造","","","西","公道",4,"１種住居",60,200,"2024年第4四半期",""
"宅地(土地と建物)","成約価格情報","","31201","鳥取県","鳥取市","立川町","鳥取","30分〜60分",5000000,115,"","",80,"1982年","木造","","","南東","公道",8,"１種住居",60,200,"2024年第4四半期",""
"宅地(土地と建物)","成約価格情報","","31201","鳥取県","鳥取市","若葉台南","東郡家","30分〜60分",21000000,375,"","",175,"1999年","木造","","","南西","公道",6,"１低住専",50,80,"2024年第4四半期",""
"宅地(土地と建物)","成約価格情報","","31201","鳥取県","鳥取市","湖山町南","湖山",20,32000000,180,"","",115,"2017年","軽量鉄骨造","","","南","公道",6.5,"１低住専",50,80,"2024年第4四半期",""
"宅地(土地と建物)","成約価格情報","","31201","鳥取県","鳥取市","浜坂","","",27000000,170,"","",125,"2008年","軽量鉄骨造","","","南東","公道",6,"１中住専",60,200,"2024年第4四半期",""
"宅地(土地と建物)","成約価格情報","","31201","鳥取県","鳥取市","古海","","",24000000,160,"","",115,"2008年","軽量鉄骨造","","","","","","工業",60,200,"2024年第4四半期",""
"宅地(土地と建物)","成約価格情報","","31201","鳥取県","鳥取市","卯垣","","",3900000,110,"","",70,"1972年","木造","","","","","","１中住専",60,200,"2024年第4四半期",""
"宅地(土地と建物)","成約価格情報","","31201","鳥取県","鳥取市","卯垣","鳥取","",26000000,145,"","",105,"2024年","木造","","","南東","公道",6,"１中住専",60,200,"2024年第4四半期",""
"宅地(土地と建物)","成約価格情報","","31201","鳥取県","鳥取市","秋里","鳥取","",28000000,185,"","",105,"2024年","木造","","","南西","公道",5,"２中住専",60,200,"2024年第4四半期",""
"宅地(土地と建物)","成約価格情報","","31201","鳥取県","鳥取市","南吉方","鳥取","",25000000,130,"","",110,"2025年","木造","","","南","公道",4,"２中住専",60,200,"2024年第4四半期",""
"宅地(土地と建物)","成約価格情報","","31201","鳥取県","鳥取市","吉成南町","鳥取","",30000000,240,"","",115,"2024年","木造","","","","公道",4.3,"１中住専",60,200,"2024年第4四半期",""
"宅地(土地と建物)","成約価格情報","","31201","鳥取県","鳥取市","吉成南町","鳥取","",28000000,170,"","",105,"2024年","木造","","","北西","公道",4.3,"１中住専",60,200,"2024年第4四半期",""
"宅地(土地と建物)","成約価格情報","","31201","鳥取県","鳥取市","吉成南町","","",29000000,370,"","",175,"1989年","軽量鉄骨造","","","西","公道",6,"１中住専",60,200,"2024年第4四半期",""
"宅地(土地と建物)","成約価格情報","","31201","鳥取県","鳥取市","徳吉","鳥取","",26000000,150,"","",110,"2024年","木造","","","西","公道",6,"１種住居",60,200,"2024年第4四半期",""
"宅地(土地と建物)","成約価格情報","","31201","鳥取県","鳥取市","丸山町","鳥取","30分〜60分",9800000,125,"","",80,"1990年","木造","","","","","","１中住専",60,200,"2024年第4四半期",""
"宅地(土地と建物)","成約価格情報","","31201","鳥取県","鳥取市","南安長","鳥取",25,24000000,130,"","",105,"2024年","木造","","","南","公道",6,"１種住居",70,200,"2024年第4四半期",""
"宅地(土地と建物)","成約価格情報","","31201","鳥取県","鳥取市","宮長","鳥取","30分〜60分",31000000,160,"","",125,"2009年","軽量鉄骨造","","","南東","",6,"工業",60,200,"2024年第4四半期",""
"宅地(土地と建物)","成約価格情報","","31201","鳥取県","鳥取市","立川町","鳥取","",24000000,180,"","",105,"2024年","木造","","","南","公道",4,"１種住居",60,200,"2025年第1四半期",""
"宅地(土地と建物)","成約価格情報","","31201","鳥取県","鳥取市","立川町","鳥取","",25000000,165,"","",100,"2024年","木造","","","南","公道",4,"１種住居",60,200,"2025年第1四半期",""
"宅地(土地と建物)","成約価格情報","","31201","鳥取県","鳥取市","立川町","鳥取","30分〜60分",4000000,130,"","",85,"1975年","木造","","","北","私道",4,"１種住居",60,200,"2025年第1四半期",""
"宅地(土地と建物)","成約価格情報","","31201","鳥取県","鳥取市","立川町","","",5500000,115,"","",120,"1995年","木造","","","北","公道",4,"１種住居",60,200,"2025年第1四半期",""
"宅地(土地と建物)","成約価格情報","","31201","鳥取県","鳥取市","西品治","鳥取","",22000000,145,"","",100,"2024年","木造","","","北東","公道",5.8,"１種住居",60,200,"2025年第1四半期",""
"宅地(土地と建物)","成約価格情報","","31201","鳥取県","鳥取市","西品治","鳥取","",23000000,275,"","",105,"2024年","木造","","","北東","公道",5.8,"１種住居",60,200,"2025年第1四半期",""
"宅地(土地と建物)","成約価格情報","","31201","鳥取県","鳥取市","西品治","鳥取","",22000000,145,"","",100,"2024年","木造","","","北東","公道",5.8,"１種住居",60,200,"2025年第1四半期",""
"宅地(土地と建物)","成約価格情報","","31201","鳥取県","鳥取市","桂見","鳥取大学前",20,1700000,115,"","",65,"1973年","木造","","","西","公道",4,"１低住専",50,80,"2025年第2四半期",""
"宅地(土地と建物)","成約価格情報","","31201","鳥取県","鳥取市","行徳","鳥取","",27000000,195,"","",120,"2024年","木造","","","東","公道",6,"１種住居",60,200,"2025年第2四半期",""
"宅地(土地と建物)","成約価格情報","","31201","鳥取県","鳥取市","大覚寺","","",11000000,135,"","",155,"1985年","木造","","","北東","公道",6,"２中住専",60,200,"2025年第2四半期",""
"宅地(土地と建物)","成約価格情報","","31201","鳥取県","鳥取市","立川町","鳥取",25,6000000,180,"","",115,"1964年","木造","","","","公道","","１中住専","","","2025年第2四半期",""
"宅地(土地と建物)","成約価格情報","","31201","鳥取県","鳥取市","立川町","鳥取","",28000000,150,"","",100,"2026年","木造","","","南西","公道",5.5,"１中住専",60,200,"2025年第2四半期",""
"宅地(土地と建物)","成約価格情報","","31201","鳥取県","鳥取市","立川町","鳥取","",27000000,160,"","",110,"2026年","木造","","","南東","公道",4,"１中住専",60,200,"2025年第2四半期",""
"宅地(土地と建物)","成約価格情報","","31201","鳥取県","鳥取市","吉方温泉","鳥取","",24000000,145,"","",100,"2025年","木造","","","南","公道",4.4,"１種住居",60,168,"2025年第2四半期",""
"宅地(土地と建物)","成約価格情報","","31201","鳥取県","鳥取市","行徳","鳥取","",24000000,150,"","",100,"2024年","木造","","","東","公道",6,"１種住居",60,200,"2025年第3四半期",""
"宅地(土地と建物)","成約価格情報","","31201","鳥取県","鳥取市","立川町","鳥取","30分〜60分",16000000,210,"","",135,"1989年","木造","","","北東","",6,"１種住居",60,200,"2025年第3四半期",""
"宅地(土地と建物)","成約価格情報","","31201","鳥取県","鳥取市","富安","鳥取",10,26000000,135,"","",105,"2024年","木造","","","南東","公道",5.8,"１種住居",60,200,"2025年第3四半期",""
"宅地(土地と建物)","成約価格情報","","31201","鳥取県","鳥取市","富安","鳥取",10,27000000,130,"","",110,"2024年","木造","","","南東","公道",5.8,"１種住居",60,200,"2025年第3四半期",""
"宅地(土地と建物)","成約価格情報","","31201","鳥取県","鳥取市","若葉台南","鳥取","",27000000,290,"","",165,"1995年","木造","","","南東","公道",6,"１低住専",50,80,"2025年第3四半期",""
"宅地(土地と建物)","成約価格情報","","31201","鳥取県","鳥取市","湖山町北","鳥取大学前",15,4300000,95,"","",75,"1979年","木造","","","西","公道",5,"１種住居",60,200,"2025年第1四半期",""
"宅地(土地と建物)","成約価格情報","","31201","鳥取県","鳥取市","湖山町南","鳥取大学前",10,5000000,120,"","",105,"1974年","木造","","","","","","１種住居",60,200,"2025年第1四半期",""
"宅地(土地と建物)","成約価格情報","","31201","鳥取県","鳥取市","卯垣","鳥取","",24000000,145,"","",95,"2024年","木造","","","南東","公道",6,"１中住専",60,200,"2025年第1四半期",""
"宅地(土地と建物)","成約価格情報","","31201","鳥取県","鳥取市","卯垣","鳥取","",25000000,145,"","",100,"2024年","木造","","","南東","公道",6,"１中住専","","","2025年第1四半期",""
"宅地(土地と建物)","成約価格情報","","31201","鳥取県","鳥取市","相生町","鳥取",25,14000000,130,"","",85,"1974年","木造","","","東","公道",7,"１種住居",60,200,"2025年第2四半期",""
"宅地(土地と建物)","成約価格情報","","31201","鳥取県","鳥取市","相生町","","",12000000,135,"","",80,"1975年","木造","","","北西","公道",7,"１種住居",60,200,"2025年第2四半期",""
"宅地(土地と建物)","成約価格情報","","31201","鳥取県","鳥取市","浜坂","","",15000000,140,"","",95,"1990年","木造","","","北西","公道",6,"１中住専",60,200,"2025年第2四半期",""
"宅地(土地と建物)","成約価格情報","","31201","鳥取県","鳥取市","浜坂","湖山","30分〜60分",9800000,140,"","",150,"1984年","木造","","","","","","１中住専",60,200,"2025年第2四半期",""
"宅地(土地と建物)","成約価格情報","","31201","鳥取県","鳥取市","緑ケ丘","鳥取","",27000000,180,"","",110,"2025年","木造","","","南西","公道",6,"２中住専",60,200,"2025年第2四半期",""
"宅地(土地と建物)","成約価格情報","","31201","鳥取県","鳥取市","湖山町北","鳥取大学前",10,21000000,100,"","",90,"2019年","木造","","","","","","２中住専",60,200,"2025年第3四半期",""
"宅地(土地と建物)","成約価格情報","","31201","鳥取県","鳥取市","浜坂","鳥取","1H〜1H30",23000000,125,"","",100,"2024年","木造","","","南西","公道",6,"１中住専",60,200,"2025年第3四半期",""
"宅地(土地と建物)","成約価格情報","","31201","鳥取県","鳥取市","浜坂","","",27000000,130,"","",100,"2024年","木造","","","","","","１中住専",60,200,"2025年第3四半期",""
"宅地(土地と建物)","成約価格情報","","31201","鳥取県","鳥取市","緑ケ丘","鳥取","30分〜60分",7400000,105,"","",115,"1983年","木造","","","北東","公道",15,"２中住専",60,200,"2025年第3四半期",""
"宅地(土地と建物)","成約価格情報","","31201","鳥取県","鳥取市","湯所町","鳥取","",26000000,170,"","",100,"2024年","木造","","","北西","公道",4,"１中住専",60,200,"2025年第3四半期",""
"宅地(土地と建物)","成約価格情報","","31201","鳥取県","鳥取市","国府町新通り","","",9900000,175,"","",110,"1966年","木造","","","東","公道",4,"２中住専",60,200,"2025年第3四半期",""
"宅地(土地と建物)","成約価格情報","","31201","鳥取県","鳥取市","秋里","鳥取","",25000000,155,"","",100,"2024年","木造","","","南西","公道",5,"２中住専",60,200,"2025年第1四半期",""
"宅地(土地と建物)","成約価格情報","","31201","鳥取県","鳥取市","秋里","","",6300000,110,"","",55,"1986年","木造","","","東","公道",4,"２中住専",60,200,"2025年第1四半期",""
"宅地(土地と建物)","成約価格情報","","31201","鳥取県","鳥取市","雲山","鳥取",25,16000000,175,"","",105,"1986年","木造","","","南","",6,"２中住専",60,200,"2025年第1四半期",""
"宅地(土地と建物)","成約価格情報","","31201","鳥取県","鳥取市","美萩野","末恒",10,11000000,225,"","",145,"1978年","木造","","","南","",6,"１低住専",50,80,"2025年第1四半期",""
"宅地(土地と建物)","成約価格情報","","31201","鳥取県","鳥取市","美萩野","末恒",15,24000000,150,"","",105,"2024年","木造","","","南東","公道",6,"１低住専",50,80,"2025年第1四半期",""
"宅地(土地と建物)","成約価格情報","","31201","鳥取県","鳥取市","美萩野","末恒",15,24000000,150,"","",110,"2024年","木造","","","南東","公道",6,"１低住専",50,80,"2025年第1四半期",""
"宅地(土地と建物)","成約価格情報","","31201","鳥取県","鳥取市","秋里","","",6300000,110,"","",55,"1986年","木造","","","東","公道",4,"２中住専",60,200,"2025年第2四半期",""
"宅地(土地と建物)","成約価格情報","","31201","鳥取県","鳥取市","美萩野","","",20000000,495,"","",230,"1990年","木造","","","南","公道",12.5,"１低住専",50,80,"2025年第2四半期",""
"宅地(土地と建物)","成約価格情報","","31201","鳥取県","鳥取市","山城町","鳥取","",9500000,180,"","",90,"1981年","軽量鉄骨造","","","北西","公道",6,"１種住居",60,200,"2025年第2四半期",""
"宅地(土地と建物)","成約価格情報","","31201","鳥取県","鳥取市","吉成南町","鳥取",25,14000000,160,"","",85,"1997年","木造","","","北東","",4,"１中住専",60,200,"2025年第3四半期",""
"宅地(土地と建物)","成約価格情報","","31201","鳥取県","鳥取市","叶","","",24000000,170,"","",100,"2021年","木造","","","東","公道",6,"工業",60,200,"2025年第1四半期",""
"宅地(土地と建物)","成約価格情報","","31201","鳥取県","鳥取市","湖山町東","湖山",10,18000000,130,"","",110,"1984年","木造","","","西","公道",6,"１種住居",60,200,"2025年第1四半期",""
"宅地(土地と建物)","成約価格情報","","31201","鳥取県","鳥取市","吉成","鳥取",20,8400000,140,"","",75,"1974年","木造","","","","","","１中住専",60,200,"2025年第1四半期",""
"宅地(土地と建物)","成約価格情報","","31201","鳥取県","鳥取市","田島","鳥取","30分〜60分",28000000,135,"","",110,"2018年","木造","","","","","","１種住居",60,200,"2025年第2四半期",""
"宅地(土地と建物)","成約価格情報","","31201","鳥取県","鳥取市","徳尾","","",36000000,250,"","",95,"2022年","木造","","","北","公道",7.3,"１種住居",60,200,"2025年第2四半期",""
"宅地(土地と建物)","成約価格情報","","31201","鳥取県","鳥取市","宮長","鳥取","30分〜60分",25000000,170,"","",125,"2007年","軽量鉄骨造","","","東","公道",6,"工業",60,200,"2025年第2四半期",""
"宅地(土地と建物)","成約価格情報","","31201","鳥取県","鳥取市","吉成","鳥取",15,32000000,165,"","",105,"2025年","木造","","","南","公道",4,"１種住居",60,200,"2025年第2四半期",""
"宅地(土地と建物)","成約価格情報","","31201","鳥取県","鳥取市","大杙","鳥取","30分〜60分",16000000,115,"","",90,"1976年","木造","","","南東","公道",8,"２中住専",60,200,"2025年第3四半期",""
"宅地(土地と建物)","成約価格情報","","31201","鳥取県","鳥取市","南安長","鳥取","",26000000,170,"","",110,"2025年","木造","","","南東","公道",7.6,"１種住居",60,200,"2025年第3四半期",""
"宅地(土地と建物)","成約価格情報","","31201","鳥取県","鳥取市","南安長","鳥取","",26000000,165,"","",115,"2025年","木造","","","南東","公道",7.6,"１種住居",60,200,"2025年第3四半期",""
"宅地(土地と建物)","成約価格情報","","31201","鳥取県","鳥取市","南安長","鳥取","",25000000,165,"","",110,"2025年","木造","","","南東","公道",7.6,"１種住居",60,200,"2025年第3四半期",""
"宅地(土地と建物)","成約価格情報","","31201","鳥取県","鳥取市","吉成","鳥取",20,7500000,90,"","",70,"1982年","木造","","","西","",6,"１中住専",80,200,"2025年第3四半期",""
"宅地(土地と建物)","成約価格情報","","31201","鳥取県","鳥取市","吉成","","",8500000,135,"","",55,"1986年","木造","","","南","公道",6,"１種住居",60,200,"2025年第3四半期",""
"宅地(土地と建物)","不動産取引価格情報","住宅地","31201","鳥取県","鳥取市","相生町","鳥取",25,12000000,135,"ほぼ長方形",7.5,75,"1975年","木造","住宅","その他","北西","市道",11,"１種住居",60,200,"2025年第2四半期",""
"宅地(土地と建物)","不動産取引価格情報","住宅地","31201","鳥取県","鳥取市","相生町","鳥取",29,14000000,130,"長方形",7,85,"1974年","木造","住宅","住宅","東","市道",8,"１種住居",60,200,"2025年第1四半期",""
"宅地(土地と建物)","不動産取引価格情報","住宅地","31201","鳥取県","鳥取市","相生町","鳥取",28,3000000,130,"ほぼ長方形",10,"","","木造","住宅","住宅","南東","市道",4,"近隣商業",80,200,"2024年第4四半期",""
"宅地(土地と建物)","不動産取引価格情報","住宅地","31201","鳥取県","鳥取市","相生町","鳥取",25,7300000,135,"ほぼ長方形",18,100,"1974年","木造","住宅","","南西","市道",6,"１種住居",60,200,"2024年第4四半期",""
"宅地(土地と建物)","不動産取引価格情報","住宅地","31201","鳥取県","鳥取市","青葉町","鳥取",28,38000000,165,"ほぼ整形",12,110,"2024年","木造","住宅","住宅","北","市道",4,"１中住専",60,200,"2025年第2四半期",""
"宅地(土地と建物)","不動産取引価格情報","住宅地","31201","鳥取県","鳥取市","青谷町青谷","青谷",8,2600000,220,"ほぼ整形",14,195,"戦前","木造","住宅","住宅","東","県道",5,"非線引き",70,400,"2025年第1四半期",""
"宅地(土地と建物)","不動産取引価格情報","住宅地","31201","鳥取県","鳥取市","青谷町青谷","青谷",7,19000000,300,"ほぼ長方形",29,155,"2006年","木造","住宅","住宅","西","県道",7.5,"非線引き",70,400,"2025年第1四半期",""
"宅地(土地と建物)","不動産取引価格情報","住宅地","31201","鳥取県","鳥取市","青谷町養郷","青谷",28,20000000,290,"ほぼ長方形",15,130,"2010年","木造","住宅","住宅","北","市道",6,"都計外","","","2025年第2四半期",""
"宅地(土地と建物)","不動産取引価格情報","住宅地","31201","鳥取県","鳥取市","秋里","鳥取","30分〜60分",28000000,180,"ほぼ長方形",9,95,"2024年","木造","住宅","住宅","南","市道",5,"２中住専",60,200,"2024年第4四半期",""
"宅地(土地と建物)","不動産取引価格情報","住宅地","31201","鳥取県","鳥取市","岩倉","鳥取","30分〜60分",7500000,130,"ほぼ長方形",7,170,"1970年","木造","事務所、倉庫","その他","北東","県道",9,"１種住居",60,200,"2024年第4四半期",""
"宅地(土地と建物)","不動産取引価格情報","商業地","31201","鳥取県","鳥取市","永楽温泉町","鳥取",1,2000000,390,"ほぼ整形",22,1800,"1979年","鉄骨造","事務所、店舗、その他","その他","北西","県道",28,"商業",80,500,"2025年第1四半期",""
"宅地(土地と建物)","不動産取引価格情報","商業地","31201","鳥取県","鳥取市","永楽温泉町","鳥取",3,13000000,130,"ほぼ長方形",5,500,"1962年","ＲＣ","住宅、店舗","住宅","北西","県道",27,"商業",80,500,"2024年第4四半期",""
"宅地(土地と建物)","不動産取引価格情報","住宅地","31201","鳥取県","鳥取市","大杙","鳥取","2H〜",23000000,250,"台形",20,155,"1991年","軽量鉄骨造","住宅","","南西","市道",6.5,"２中住専",60,200,"2025年第2四半期",""
"宅地(土地と建物)","不動産取引価格情報","住宅地","31201","鳥取県","鳥取市","面影","鳥取","30分〜60分",33000000,155,"長方形",9,120,"2023年","木造","住宅","住宅","北","市道",7,"１中住専",60,200,"2025年第2四半期",""
"宅地(土地と建物)","不動産取引価格情報","住宅地","31201","鳥取県","鳥取市","御弓町","鳥取",19,20000000,105,"ほぼ長方形",4.8,85,"2023年","木造","住宅","住宅","東","県道",12,"１種住居",60,200,"2025年第1四半期",""
"宅地(土地と建物)","不動産取引価格情報","住宅地","31201","鳥取県","鳥取市","覚寺","鳥取","30分〜60分",15000000,210,"長方形",10,"","","","","","南西","市道",15,"１中住専",60,200,"2024年第4四半期",""
"宅地(土地と建物)","不動産取引価格情報","住宅地","31201","鳥取県","鳥取市","鍛冶町","鳥取",15,14000000,180,"長方形",5,170,"1971年","鉄骨造","住宅、事務所","住宅","南西","市道",6,"近隣商業",80,300,"2025年第2四半期",""
"宅地(土地と建物)","不動産取引価格情報","住宅地","31201","鳥取県","鳥取市","桂見","鳥取大学前","30分〜60分",11000000,170,"長方形",12,135,"1996年","木造","住宅","住宅","南東","市道",6,"調整区域",70,400,"2024年第4四半期",""
"宅地(土地と建物)","不動産取引価格情報","住宅地","31201","鳥取県","鳥取市","叶","鳥取","30分〜60分",30000000,125,"不整形",14,90,"2025年","木造","住宅","住宅","東","市道",6,"工業",60,200,"2025年第3四半期",""
"宅地(土地と建物)","不動産取引価格情報","商業地","31201","鳥取県","鳥取市","叶","鳥取",26,130000000,"2,000㎡以上","袋地等",24,"","1990年","鉄骨造","","事務所","西","国道",25,"工業",60,200,"2025年第1四半期",""
"宅地(土地と建物)","不動産取引価格情報","住宅地","31201","鳥取県","鳥取市","川端","鳥取",13,11000000,105,"ほぼ長方形",5,75,"2010年","木造","住宅","住宅","南東","市道",5,"商業",80,400,"2025年第2四半期",""
"宅地(土地と建物)","不動産取引価格情報","商業地","31201","鳥取県","鳥取市","川端","鳥取",8,10000000,115,"ほぼ長方形",5.5,260,"","ＲＣ、ブロック造","住宅、店舗","事務所","南東","国道",22,"商業",80,500,"2024年第4四半期",""
"宅地(土地と建物)","不動産取引価格情報","住宅地","31201","鳥取県","鳥取市","河原町布袋","河原","1H〜1H30",23000000,155,"ほぼ長方形",12,95,"2024年","木造","住宅","住宅","北東","市道",6,"非線引き",70,400,"2025年第2四半期",""
"宅地(土地と建物)","不動産取引価格情報","住宅地","31201","鳥取県","鳥取市","河原町布袋","河原","1H〜1H30",24000000,160,"ほぼ長方形",11.5,95,"","","","住宅","南","市道",6,"非線引き",70,400,"2025年第2四半期",""
"宅地(土地と建物)","不動産取引価格情報","住宅地","31201","鳥取県","鳥取市","北園","鳥取","1H〜1H30",23000000,270,"長方形",18,175,"1994年","木造","住宅","","西","市道",6,"１低住専",60,100,"2024年第4四半期",""
"宅地(土地と建物)","不動産取引価格情報","住宅地","31201","鳥取県","鳥取市","行徳","鳥取",12,24000000,150,"不整形",13,95,"2024年","木造","住宅","住宅","北","道路",6,"１種住居",60,200,"2025年第2四半期",""
"宅地(土地と建物)","不動産取引価格情報","住宅地","31201","鳥取県","鳥取市","行徳","鳥取",15,1800000,65,"ほぼ長方形",6.5,110,"1971年","木造","住宅","","西","市道",4,"１種住居",60,200,"2025年第1四半期",""
"宅地(土地と建物)","不動産取引価格情報","住宅地","31201","鳥取県","鳥取市","行徳","鳥取",21,5600000,165,"ほぼ長方形",7,115,"1976年","木造","住宅","","南","市道",3,"１種住居",60,200,"2025年第1四半期",""
"宅地(土地と建物)","不動産取引価格情報","住宅地","31201","鳥取県","鳥取市","行徳","鳥取",13,2700000,65,"ほぼ長方形",7,80,"1981年","木造","住宅","住宅","北西","市道",4,"１種住居",60,200,"2024年第4四半期",""
"宅地(土地と建物)","不動産取引価格情報","住宅地","31201","鳥取県","鳥取市","雲山","鳥取","30分〜60分",3600000,100,"ほぼ長方形",7,25,"","","","","北","市道",6,"準工業",60,200,"2025年第2四半期",""
"宅地(土地と建物)","不動産取引価格情報","住宅地","31201","鳥取県","鳥取市","雲山","鳥取","30分〜60分",17000000,165,"ほぼ整形",11,115,"1993年","木造","住宅","住宅","北","市道",9,"１種住居",60,200,"2024年第4四半期",""
"宅地(土地と建物)","不動産取引価格情報","住宅地","31201","鳥取県","鳥取市","栗谷町","鳥取","30分〜60分",8000000,760,"不整形",7.5,370,"1985年","木造","住宅","","北","市道",7,"１低住専",60,100,"2025年第2四半期",""
"宅地(土地と建物)","不動産取引価格情報","住宅地","31201","鳥取県","鳥取市","気高町下坂本","宝木",20,4000000,220,"ほぼ正方形",15,115,"1985年","軽量鉄骨造","住宅","住宅","東","市道",6,"都計外","","","2025年第2四半期",""
"宅地(土地と建物)","不動産取引価格情報","住宅地","31201","鳥取県","鳥取市","気高町下坂本","宝木","30分〜60分",3000000,830,"ほぼ長方形",36,90,"1969年","木造","住宅","事務所","南","市道",6,"都計外","","","2025年第2四半期",""
"宅地(土地と建物)","不動産取引価格情報","住宅地","31201","鳥取県","鳥取市","気高町下坂本","宝木",11,15000000,200,"長方形",11,105,"2024年","軽量鉄骨造","住宅","住宅","南","市道",5.5,"都計外","","","2024年第4四半期",""
"宅地(土地と建物)","不動産取引価格情報","住宅地","31201","鳥取県","鳥取市","気高町浜村","浜村",9,5800000,440,"不整形","",175,"1989年","木造","住宅","住宅","南","市道",13.5,"非線引き",70,400,"2025年第1四半期",""
"宅地(土地と建物)","不動産取引価格情報","住宅地","31201","鳥取県","鳥取市","気高町宝木","宝木",1,4200000,400,"台形",12,145,"1966年","木造","住宅","住宅","北","県道",8,"都計外","","","2025年第2四半期",""
"宅地(土地と建物)","不動産取引価格情報","住宅地","31201","鳥取県","鳥取市","気高町宝木","宝木",1,2000000,420,"不整形",18,130,"1981年","軽量鉄骨造","住宅","住宅","南西","市道",2.8,"都計外","","","2024年第4四半期",""
"宅地(土地と建物)","不動産取引価格情報","住宅地","31201","鳥取県","鳥取市","興南町","鳥取",15,4500000,165,"長方形",9,85,"1973年","木造","住宅","事務所","南","私道",2.3,"準工業",60,200,"2024年第4四半期","私道を含む取引"
"宅地(土地と建物)","不動産取引価格情報","住宅地","31201","鳥取県","鳥取市","高路","鳥取","2H〜",400000,140,"ほぼ長方形",7,"","","","","その他","南東","県道",3,"都計外","","","2025年第2四半期","隣地の購入"
"宅地(土地と建物)","不動産取引価格情報","住宅地","31201","鳥取県","鳥取市","国府町麻生","鳥取","1H〜1H30",2100000,700,"不整形",8.5,120,"1969年","木造","住宅","その他","南西","市道",7,"調整区域",70,400,"2025年第3四半期",""
"宅地(土地と建物)","不動産取引価格情報","住宅地","31201","鳥取県","鳥取市","国府町稲葉丘","鳥取","30分〜60分",27000000,135,"ほぼ長方形",14.5,95,"2025年","木造","住宅","住宅","南西","私道",5,"１種住居",60,200,"2025年第1四半期",""
"宅地(土地と建物)","不動産取引価格情報","商業地","31201","鳥取県","鳥取市","国府町新通り","鳥取","30分〜60分",35000000,165,"ほぼ台形",19,110,"2020年","木造","住宅","住宅","北東","県道",21,"準工業",60,200,"2025年第2四半期",""
"宅地(土地と建物)","不動産取引価格情報","住宅地","31201","鳥取県","鳥取市","国府町新通り","鳥取","30分〜60分",33000000,450,"ほぼ長方形",18,300,"1999年","鉄骨造","共同住宅","その他","南","市道",5,"２中住専",60,200,"2024年第4四半期",""
"宅地(土地と建物)","不動産取引価格情報","住宅地","31201","鳥取県","鳥取市","国府町新通り","鳥取","30分〜60分",21000000,300,"不整形",18,185,"2000年","鉄骨造","事務所、倉庫","事務所","北西","市道",9.5,"１種住居",60,200,"2024年第4四半期",""
"宅地(土地と建物)","不動産取引価格情報","住宅地","31201","鳥取県","鳥取市","湖山町北","湖山",20,38000000,200,"ほぼ長方形",11.8,140,"2020年","木造","住宅","住宅","北","市道",7,"２中住専",60,200,"2025年第1四半期",""
"宅地(土地と建物)","不動産取引価格情報","住宅地","31201","鳥取県","鳥取市","湖山町北","鳥取大学前",3,51000000,270,"ほぼ長方形",10,610,"1999年","ＲＣ","共同住宅、店舗","住宅","北","県道",15,"近隣商業",80,200,"2025年第2四半期",""
"宅地(土地と建物)","不動産取引価格情報","住宅地","31201","鳥取県","鳥取市","湖山町北","鳥取大学前",13,4300000,95,"不整形",2.5,75,"1979年","木造","住宅","住宅","南西","市道",6,"１種住居",60,200,"2025年第1四半期",""
"宅地(土地と建物)","不動産取引価格情報","商業地","31201","鳥取県","鳥取市","湖山町北","鳥取大学前",7,44000000,1000,"ほぼ台形",32,370,"1984年","鉄骨造","共同住宅、店舗","","北東","県道",17,"１中住専",60,200,"2024年第4四半期",""
"宅地(土地と建物)","不動産取引価格情報","住宅地","31201","鳥取県","鳥取市","湖山町西","鳥取大学前",7,15000000,310,"ほぼ長方形",19,185,"1989年","木造","共同住宅","住宅","南西","市道",6,"１中住専",60,200,"2025年第1四半期",""
"宅地(土地と建物)","不動産取引価格情報","住宅地","31201","鳥取県","鳥取市","湖山町東","湖山",6,18000000,125,"ほぼ長方形",8.5,110,"1984年","木造","住宅","住宅","北西","市道",6,"１種住居",60,200,"2025年第1四半期",""
"宅地(土地と建物)","不動産取引価格情報","住宅地","31201","鳥取県","鳥取市","湖山町南","湖山",11,29000000,140,"ほぼ長方形",7,105,"2025年","木造","住宅","住宅","南","市道",6,"１低住専",50,80,"2025年第2四半期",""
"宅地(土地と建物)","不動産取引価格情報","住宅地","31201","鳥取県","鳥取市","湖山町南","湖山",6,17000000,105,"ほぼ整形",8,80,"1985年","木造","住宅","住宅","東","市道",6,"１低住専",50,80,"2024年第4四半期",""
"宅地(土地と建物)","不動産取引価格情報","住宅地","31201","鳥取県","鳥取市","湖山町南","湖山",13,21000000,155,"長方形",8.5,115,"1999年","木造","住宅","住宅","南","市道",6,"２中住専",60,200,"2024年第4四半期",""
"宅地(土地と建物)","不動産取引価格情報","住宅地","31201","鳥取県","鳥取市","湖山町南","鳥取大学前",15,26000000,155,"台形",11.5,140,"2016年","木造","住宅","住宅","東","市道",5,"１中住専",60,200,"2025年第2四半期",""
"宅地(土地と建物)","不動産取引価格情報","住宅地","31201","鳥取県","鳥取市","湖山町南","鳥取大学前",6,19000000,380,"不整形",14,520,"1990年","鉄骨造","共同住宅","住宅","北東","市道",5.5,"１中住専",60,200,"2025年第2四半期",""
"宅地(土地と建物)","不動産取引価格情報","住宅地","31201","鳥取県","鳥取市","湖山町南","鳥取大学前",11,4500000,115,"ほぼ整形",9,105,"1974年","木造","住宅","住宅","西","市道",4,"１種住居",60,200,"2025年第1四半期",""
"宅地(土地と建物)","不動産取引価格情報","住宅地","31201","鳥取県","鳥取市","材木町","鳥取",23,12000000,210,"不整形",20,240,"1961年","鉄骨造、木造","住宅、その他","事務所","西","市道",9,"１種住居",60,200,"2024年第4四半期",""
"宅地(土地と建物)","不動産取引価格情報","商業地","31201","鳥取県","鳥取市","栄町","鳥取",8,3600000,40,"ほぼ整形",5,60,"1975年","鉄骨造","住宅","その他","南西","市道",6,"商業",80,400,"2024年第4四半期",""
"宅地(土地と建物)","不動産取引価格情報","住宅地","31201","鳥取県","鳥取市","桜谷","鳥取","30分〜60分",8300000,270,"長方形",12,90,"1974年","木造","住宅","その他","南","市道",6,"１低住専",50,80,"2025年第2四半期",""
"宅地(土地と建物)","不動産取引価格情報","住宅地","31201","鳥取県","鳥取市","桜谷","鳥取","30分〜60分",13000000,230,"不整形",4,120,"2002年","木造","住宅","住宅","西","市道",6,"１低住専",50,80,"2025年第1四半期",""
"宅地(土地と建物)","不動産取引価格情報","住宅地","31201","鳥取県","鳥取市","桜谷","鳥取","30分〜60分",5000000,210,"ほぼ長方形",11,130,"1993年","木造","住宅","住宅","西","市道",8.5,"１低住専",50,80,"2024年第4四半期",""
"宅地(土地と建物)","不動産取引価格情報","住宅地","31201","鳥取県","鳥取市","佐治町加瀬木","用瀬","1H30〜2H",60000,35,"台形",6,"","","","","","北","国道",8,"都計外","","","2025年第2四半期",""
"宅地(土地と建物)","不動産取引価格情報","住宅地","31201","鳥取県","鳥取市","鹿野町今市","浜村","1H〜1H30",11000000,340,"ほぼ長方形",12,95,"1996年","木造","住宅","住宅","北","市道",6,"非線引き",70,400,"2025年第1四半期",""
"宅地(土地と建物)","不動産取引価格情報","住宅地","31201","鳥取県","鳥取市","下段","鳥取","1H〜1H30",1000000,1400,"ほぼ整形",40,70,"1981年","木造","住宅","","北西","市道",5,"調整区域",70,400,"2025年第2四半期",""
"宅地(土地と建物)","不動産取引価格情報","住宅地","31201","鳥取県","鳥取市","新","鳥取",29,22000000,370,"ほぼ長方形",19.5,210,"1995年","軽量鉄骨造","住宅","住宅","西","市道",6,"１種住居",60,200,"2025年第3四半期","調停・競売等"
"宅地(土地と建物)","不動産取引価格情報","商業地","31201","鳥取県","鳥取市","末広温泉町","鳥取",11,5500000,90,"長方形",5,125,"1970年","木造","住宅、店舗","住宅","北東","県道",10,"商業",80,400,"2024年第4四半期",""
"宅地(土地と建物)","不動産取引価格情報","商業地","31201","鳥取県","鳥取市","末広温泉町","鳥取",8,4000000,45,"ほぼ長方形",5,85,"1967年","木造","店舗","店舗","西","市道",6,"商業",80,400,"2024年第4四半期",""
"宅地(土地と建物)","不動産取引価格情報","商業地","31201","鳥取県","鳥取市","末広温泉町","鳥取",7,9000000,90,"ほぼ長方形",6,220,"1978年","鉄骨造","住宅、店舗","その他","北西","市道",6,"商業",80,400,"2024年第4四半期",""
"宅地(土地と建物)","不動産取引価格情報","住宅地","31201","鳥取県","鳥取市","杉崎","津ノ井",4,19000000,560,"ほぼ台形",12,145,"1987年","木造","住宅、店舗","","南西","県道",12,"調整区域",70,400,"2025年第1四半期",""
"宅地(土地と建物)","不動産取引価格情報","住宅地","31201","鳥取県","鳥取市","立川町","鳥取",25,27000000,165,"ほぼ長方形",10,100,"2025年","木造","住宅","住宅","南東","市道",4,"１中住専",60,200,"2025年第3四半期",""
"宅地(土地と建物)","不動産取引価格情報","住宅地","31201","鳥取県","鳥取市","立川町","鳥取","30分〜60分",20000000,220,"長方形",12.5,150,"1986年","木造","住宅","住宅","北西","市道",6,"１種住居",60,200,"2025年第2四半期",""
"宅地(土地と建物)","不動産取引価格情報","住宅地","31201","鳥取県","鳥取市","立川町","鳥取",23,11000000,155,"ほぼ長方形",8.3,115,"1979年","木造","住宅","住宅","南","市道",5,"１種住居",60,200,"2025年第2四半期",""
"宅地(土地と建物)","不動産取引価格情報","住宅地","31201","鳥取県","鳥取市","立川町","鳥取",25,28000000,180,"不整形",6,110,"2025年","木造","住宅","住宅","南東","市道",2,"１中住専",60,200,"2025年第2四半期","私道を含む取引"
"宅地(土地と建物)","不動産取引価格情報","住宅地","31201","鳥取県","鳥取市","立川町","鳥取",26,19000000,85,"ほぼ長方形",10,95,"2019年","木造","住宅","住宅","南","市道",4,"１種住居",60,200,"2025年第1四半期",""
"宅地(土地と建物)","不動産取引価格情報","住宅地","31201","鳥取県","鳥取市","立川町","鳥取",24,24000000,180,"ほぼ長方形",8.4,100,"2024年","木造","住宅","住宅","南","市道",4,"１種住居",60,200,"2025年第1四半期",""
"宅地(土地と建物)","不動産取引価格情報","住宅地","31201","鳥取県","鳥取市","立川町","鳥取",29,25000000,160,"ほぼ長方形",7,95,"2024年","木造","住宅","住宅","南","市道",2.4,"１種住居",60,200,"2025年第1四半期",""
"宅地(土地と建物)","不動産取引価格情報","住宅地","31201","鳥取県","鳥取市","立川町","鳥取",25,28000000,140,"ほぼ長方形",9,95,"2024年","木造","住宅","住宅","南","市道",2.5,"１種住居",60,200,"2024年第4四半期","私道を含む取引"
"宅地(土地と建物)","不動産取引価格情報","住宅地","31201","鳥取県","鳥取市","立川町","鳥取",28,19000000,95,"ほぼ長方形",9.5,95,"2019年","木造","住宅","","南","市道",4,"１種住居",60,200,"2024年第4四半期",""
"宅地(土地と建物)","不動産取引価格情報","住宅地","31201","鳥取県","鳥取市","立川町","鳥取",26,5500000,110,"ほぼ長方形",6,120,"1995年","木造","住宅","","北","市道",3.4,"１種住居",60,200,"2024年第4四半期",""
"宅地(土地と建物)","不動産取引価格情報","工業地","31201","鳥取県","鳥取市","千代水","湖山",21,60000000,860,"ほぼ長方形",18,680,"1987年","鉄骨造","工場、倉庫","工場","東","市道",9,"工業",60,200,"2025年第2四半期",""
"宅地(土地と建物)","不動産取引価格情報","住宅地","31201","鳥取県","鳥取市","津ノ井","津ノ井",7,8500000,145,"不整形",18,100,"1994年","木造","住宅","その他","東","市道",6,"調整区域",70,200,"2025年第3四半期",""
"宅地(土地と建物)","不動産取引価格情報","住宅地","31201","鳥取県","鳥取市","津ノ井","津ノ井",3,29000000,185,"長方形",10,120,"2017年","木造","住宅","住宅","南","県道",9,"１中住専",60,200,"2025年第2四半期",""
"宅地(土地と建物)","不動産取引価格情報","住宅地","31201","鳥取県","鳥取市","寺町","鳥取",13,13000000,360,"ほぼ整形",8,165,"","木造","住宅","住宅","南","市道",8,"１種住居",60,200,"2025年第1四半期",""
"宅地(土地と建物)","不動産取引価格情報","住宅地","31201","鳥取県","鳥取市","寺町","鳥取",16,61000000,"2,000㎡以上","不整形",31,1000,"1988年","ＲＣ","共同住宅","その他","南東","市道",5.4,"１種住居",60,200,"2025年第1四半期",""
"宅地(土地と建物)","不動産取引価格情報","住宅地","31201","鳥取県","鳥取市","田園町","鳥取",29,12000000,230,"ほぼ長方形",13,155,"1971年","木造","住宅","","東","市道",4.5,"１種住居",60,200,"2025年第1四半期",""
"宅地(土地と建物)","不動産取引価格情報","住宅地","31201","鳥取県","鳥取市","田園町","鳥取","30分〜60分",33000000,125,"ほぼ整形",12,105,"2023年","木造","住宅","住宅","北西","市道",9,"１種住居",60,200,"2025年第1四半期",""
"宅地(土地と建物)","不動産取引価格情報","住宅地","31201","鳥取県","鳥取市","田園町","鳥取","30分〜60分",2500000,185,"ほぼ長方形",10.5,240,"1977年","木造","住宅","住宅","西","市道",4,"近隣商業",80,200,"2024年第4四半期",""
"宅地(土地と建物)","不動産取引価格情報","商業地","31201","鳥取県","鳥取市","田園町","鳥取","30分〜60分",5900000,85,"不整形",8,100,"1962年","木造","住宅、店舗","店舗","北東","国道",15,"近隣商業",80,400,"2024年第4四半期",""
"宅地(土地と建物)","不動産取引価格情報","工業地","31201","鳥取県","鳥取市","南栄町","津ノ井",10,28000000,1000,"ほぼ長方形",42,150,"","","","事務所","東","市道",4.5,"工業専用",60,200,"2024年第4四半期",""
"宅地(土地と建物)","不動産取引価格情報","住宅地","31201","鳥取県","鳥取市","西品治","鳥取",20,1000000,100,"台形",28,165,"2000年","木造","住宅","その他","西","市道",12,"１種住居",60,200,"2025年第2四半期",""
"宅地(土地と建物)","不動産取引価格情報","住宅地","31201","鳥取県","鳥取市","西町","鳥取",18,12000000,360,"長方形",10,185,"1975年","鉄骨造","住宅","その他","北東","市道",5.5,"近隣商業",80,300,"2025年第1四半期",""
"宅地(土地と建物)","不動産取引価格情報","住宅地","31201","鳥取県","鳥取市","浜坂","鳥取","1H〜1H30",27000000,175,"不整形",18,100,"2022年","木造","住宅","","南西","市道",6,"１中住専",60,200,"2025年第3四半期",""
"宅地(土地と建物)","不動産取引価格情報","住宅地","31201","鳥取県","鳥取市","浜坂","鳥取","1H〜1H30",19000000,250,"ほぼ長方形",15,175,"1998年","木造","共同住宅","住宅","南東","市道",8,"調整区域",70,400,"2025年第3四半期",""
"宅地(土地と建物)","不動産取引価格情報","住宅地","31201","鳥取県","鳥取市","浜坂","鳥取","1H〜1H30",15000000,140,"長方形",10,95,"1990年","木造","住宅","住宅","東","市道",16,"１中住専",60,200,"2025年第2四半期",""
"宅地(土地と建物)","不動産取引価格情報","住宅地","31201","鳥取県","鳥取市","浜坂","鳥取","1H〜1H30",7500000,220,"ほぼ長方形",14,"","","","","","南","市道",10,"１中住専",60,200,"2025年第1四半期",""
"宅地(土地と建物)","不動産取引価格情報","住宅地","31201","鳥取県","鳥取市","浜坂","鳥取","1H〜1H30",16000000,170,"ほぼ台形",15,110,"2009年","木造","住宅","住宅","南東","市道",7.5,"１中住専",60,200,"2024年第4四半期",""
"宅地(土地と建物)","不動産取引価格情報","住宅地","31201","鳥取県","鳥取市","浜坂東","鳥取","30分〜60分",900000,125,"長方形",6,100,"1979年","木造","住宅","その他","西","市道",6,"１中住専",60,200,"2025年第1四半期","調停・競売等"
"宅地(土地と建物)","不動産取引価格情報","住宅地","31201","鳥取県","鳥取市","浜坂東","鳥取","1H〜1H30",26000000,130,"ほぼ長方形",9,105,"2025年","木造","住宅","住宅","東","市道",7,"１中住専",60,200,"2025年第1四半期",""
"宅地(土地と建物)","不動産取引価格情報","住宅地","31201","鳥取県","鳥取市","浜坂東","鳥取","30分〜60分",5000000,160,"長方形","",85,"1977年","木造","住宅","住宅","東","市道",5.5,"１中住専",60,200,"2024年第4四半期","私道を含む取引"
"宅地(土地と建物)","不動産取引価格情報","商業地","31201","鳥取県","鳥取市","東品治町","鳥取",1,97000000,75,"長方形",8,175,"1984年","鉄骨造","住宅、店舗","その他","南","市道",5,"商業",80,400,"2025年第1四半期",""
"宅地(土地と建物)","不動産取引価格情報","住宅地","31201","鳥取県","鳥取市","福部町海士","福部",25,14000000,270,"ほぼ整形","",160,"1981年","木造","住宅","住宅","北西","県道",12.5,"非線引き",70,400,"2024年第4四半期",""
"宅地(土地と建物)","不動産取引価格情報","工業地","31201","鳥取県","鳥取市","古海","鳥取","30分〜60分",24000000,1800,"ほぼ整形","",670,"1983年","鉄骨造","工場","倉庫","西","道路",6,"工業専用",60,200,"2025年第3四半期",""
"宅地(土地と建物)","不動産取引価格情報","住宅地","31201","鳥取県","鳥取市","古海","鳥取",24,15000000,150,"ほぼ整形",9,90,"2014年","木造","住宅","","南","市道",6,"１種住居",60,200,"2025年第1四半期","調停・競売等"
"宅地(土地と建物)","不動産取引価格情報","住宅地","31201","鳥取県","鳥取市","古海","鳥取",23,28000000,230,"ほぼ整形",14,155,"2009年","木造","住宅","住宅","南","市道",9.5,"１種住居",60,200,"2024年第4四半期",""
"宅地(土地と建物)","不動産取引価格情報","住宅地","31201","鳥取県","鳥取市","古海","鳥取",28,36000000,150,"ほぼ長方形",17.5,"","","","","住宅","西","市道",6,"１種住居",60,200,"2024年第4四半期",""
"宅地(土地と建物)","不動産取引価格情報","住宅地","31201","鳥取県","鳥取市","古海","鳥取",24,11000000,200,"ほぼ台形",11.5,"","","","","住宅","西","道路",4,"１種住居",60,200,"2024年第4四半期",""
"宅地(土地と建物)","不動産取引価格情報","住宅地","31201","鳥取県","鳥取市","卯垣","鳥取","30分〜60分",4700000,130,"長方形",9,80,"1988年","木造","住宅","住宅","北東","市道",6,"１中住専",60,200,"2025年第1四半期",""
"宅地(土地と建物)","不動産取引価格情報","住宅地","31201","鳥取県","鳥取市","卯垣","鳥取","30分〜60分",1300000,115,"長方形",8,75,"1965年","木造","住宅","その他","北","市道",4,"１種住居",60,200,"2025年第1四半期",""
"宅地(土地と建物)","不動産取引価格情報","住宅地","31201","鳥取県","鳥取市","卯垣","鳥取","30分〜60分",1000000,80,"長方形",7.5,55,"1961年","木造","住宅","住宅","南","市道",4,"１種住居",60,200,"2024年第4四半期",""
"宅地(土地と建物)","不動産取引価格情報","住宅地","31201","鳥取県","鳥取市","松並町","鳥取","30分〜60分",2000000,135,"ほぼ正方形",11,100,"","","","住宅","東","市道",3,"１種住居",60,200,"2025年第2四半期",""
"宅地(土地と建物)","不動産取引価格情報","住宅地","31201","鳥取県","鳥取市","松並町","鳥取","30分〜60分",1000000,45,"長方形",5.5,60,"1970年","木造","住宅","住宅","南","道路",2,"近隣商業",80,200,"2025年第2四半期",""
"宅地(土地と建物)","不動産取引価格情報","住宅地","31201","鳥取県","鳥取市","緑ケ丘","湖山",29,11000000,150,"長方形",7.5,95,"1983年","木造","住宅","","南西","市道",6,"２中住専",60,200,"2024年第4四半期",""
"宅地(土地と建物)","不動産取引価格情報","住宅地","31201","鳥取県","鳥取市","緑ケ丘","鳥取","30分〜60分",7400000,100,"ほぼ長方形",9.5,110,"1983年","木造","住宅","","北東","市道",14,"２中住専",60,200,"2025年第3四半期",""
"宅地(土地と建物)","不動産取引価格情報","住宅地","31201","鳥取県","鳥取市","緑ケ丘","鳥取","30分〜60分",7000000,185,"不整形","",70,"1995年","木造","住宅","住宅","南西","市道",6,"１中住専",60,200,"2025年第2四半期",""
"宅地(土地と建物)","不動産取引価格情報","住宅地","31201","鳥取県","鳥取市","緑ケ丘","鳥取",29,9100000,140,"ほぼ整形",16,100,"1992年","木造","住宅","住宅","北東","市道",11,"１種住居",60,200,"2025年第1四半期",""
"宅地(土地と建物)","不動産取引価格情報","住宅地","31201","鳥取県","鳥取市","南町","湖山",14,3500000,70,"台形",5,"","","","","その他","南西","市道",11,"近隣商業",80,300,"2024年第4四半期",""
"宅地(土地と建物)","不動産取引価格情報","住宅地","31201","鳥取県","鳥取市","南町","鳥取",18,29000000,150,"ほぼ正方形",12,100,"2025年","木造","住宅","住宅","南","市道",4,"１種住居",60,200,"2025年第2四半期",""
"宅地(土地と建物)","不動産取引価格情報","住宅地","31201","鳥取県","鳥取市","南安長","鳥取",25,28000000,135,"ほぼ長方形",14,100,"2024年","木造","住宅","住宅","北","道路",6,"１種住居",60,200,"2025年第2四半期",""
"宅地(土地と建物)","不動産取引価格情報","住宅地","31201","鳥取県","鳥取市","南安長","鳥取","30分〜60分",25000000,165,"長方形",8,100,"2025年","木造","住宅","住宅","南東","市道",7,"１種住居",60,200,"2025年第2四半期",""
"宅地(土地と建物)","不動産取引価格情報","住宅地","31201","鳥取県","鳥取市","南安長","鳥取",26,28000000,150,"ほぼ長方形",13,100,"2024年","木造","住宅","住宅","北","道路",6,"１種住居",60,200,"2024年第4四半期",""
"宅地(土地と建物)","不動産取引価格情報","住宅地","31201","鳥取県","鳥取市","南吉方","鳥取",21,19000000,135,"ほぼ整形",19,85,"2005年","木造","共同住宅","その他","北東","市道",6,"準工業",60,200,"2024年第4四半期",""
"宅地(土地と建物)","不動産取引価格情報","住宅地","31201","鳥取県","鳥取市","美萩野","末恒",15,12000000,195,"ほぼ長方形",11,120,"2003年","木造","住宅","住宅","北西","市道",8.5,"１低住専",60,100,"2025年第3四半期",""
"宅地(土地と建物)","不動産取引価格情報","住宅地","31201","鳥取県","鳥取市","美萩野","末恒",11,7500000,220,"ほぼ長方形",10,130,"2001年","木造","住宅","住宅","西","市道",6,"１低住専",60,100,"2025年第2四半期",""
"宅地(土地と建物)","不動産取引価格情報","住宅地","31201","鳥取県","鳥取市","美萩野","末恒",9,7000000,440,"ほぼ長方形",22,175,"1979年","木造","住宅","住宅","北","市道",9,"１低住専",50,80,"2025年第2四半期",""
"宅地(土地と建物)","不動産取引価格情報","住宅地","31201","鳥取県","鳥取市","美萩野","鳥取",4,7000000,270,"ほぼ長方形",15,140,"1978年","木造","住宅","","南東","市道",6,"１低住専",50,80,"2025年第2四半期",""
"宅地(土地と建物)","不動産取引価格情報","住宅地","31201","鳥取県","鳥取市","宮長","鳥取",29,9800000,150,"ほぼ長方形",11,85,"1983年","軽量鉄骨造","住宅","住宅","西","市道",10,"工業",60,200,"2024年第4四半期",""
"宅地(土地と建物)","不動産取引価格情報","住宅地","31201","鳥取県","鳥取市","用瀬町赤波","鷹狩",26,1000000,110,"ほぼ台形","","","","","","その他","南西","市道",4,"都計外","","","2025年第3四半期","隣地の購入"
"宅地(土地と建物)","不動産取引価格情報","住宅地","31201","鳥取県","鳥取市","用瀬町樟原","因幡社",5,330000,1100,"ほぼ台形",38,160,"1991年","鉄骨造","事務所、作業場","住宅","北東","市道",2.5,"都計外","","","2025年第2四半期",""
"宅地(土地と建物)","不動産取引価格情報","住宅地","31201","鳥取県","鳥取市","用瀬町鷹狩","鷹狩",8,5500000,270,"ほぼ長方形",11.5,195,"1974年","木造","住宅","住宅","南東","市道",5,"都計外","","","2025年第3四半期",""
"宅地(土地と建物)","不動産取引価格情報","住宅地","31201","鳥取県","鳥取市","用瀬町用瀬","用瀬",1,8000000,95,"ほぼ長方形",11.3,170,"1968年","鉄骨造","住宅、倉庫","住宅","南西","市道",9,"都計外","","","2025年第3四半期",""
"宅地(土地と建物)","不動産取引価格情報","商業地","31201","鳥取県","鳥取市","安長","湖山",25,55000000,1600,"ほぼ長方形",27,620,"1992年","鉄骨造","店舗","店舗","北","県道",12,"準工業",60,200,"2025年第3四半期",""
"宅地(土地と建物)","不動産取引価格情報","住宅地","31201","鳥取県","鳥取市","安長","湖山",28,30000000,135,"ほぼ長方形",11,105,"2025年","木造","住宅","住宅","南","市道",6.5,"準工業",60,200,"2025年第2四半期",""
"宅地(土地と建物)","不動産取引価格情報","商業地","31201","鳥取県","鳥取市","安長","鳥取","30分〜60分",310000000,"2,000㎡以上","ほぼ長方形","50.0m以上",300,"1984年","鉄骨造","店舗","","北","県道",12,"準工業",60,200,"2025年第1四半期","調停・競売等"
"宅地(土地と建物)","不動産取引価格情報","住宅地","31201","鳥取県","鳥取市","山城町","鳥取","1H〜1H30",9500000,175,"ほぼ台形",13,90,"1981年","軽量鉄骨造","","住宅","北","市道",6,"１種住居",60,200,"2025年第3四半期",""
"宅地(土地と建物)","不動産取引価格情報","商業地","31201","鳥取県","鳥取市","弥生町","鳥取",8,5500000,160,"不整形",6,370,"1974年","ＲＣ、木造、ブロック造","住宅、店舗","店舗","北西","国道",22,"商業",80,400,"2024年第4四半期",""
"宅地(土地と建物)","不動産取引価格情報","住宅地","31201","鳥取県","鳥取市","湯所町","鳥取",28,26000000,450,"ほぼ長方形",18,"","1964年","木造","住宅","住宅","南西","市道",4,"１中住専",60,200,"2025年第2四半期",""
"宅地(土地と建物)","不動産取引価格情報","商業地","31201","鳥取県","鳥取市","吉方温泉","鳥取",9,7000000,50,"不整形",4,110,"1986年","鉄骨造","住宅、店舗","店舗","北西","市道",6,"商業",80,400,"2025年第3四半期",""
"宅地(土地と建物)","不動産取引価格情報","商業地","31201","鳥取県","鳥取市","吉方温泉","鳥取",12,21000000,125,"長方形",7,160,"1998年","木造","住宅","住宅","北東","市道",8,"商業",80,400,"2025年第1四半期",""
"宅地(土地と建物)","不動産取引価格情報","住宅地","31201","鳥取県","鳥取市","吉方温泉","鳥取",12,5400000,95,"ほぼ長方形",10,115,"1968年","木造","住宅","","南西","市道",4,"１種住居",60,200,"2025年第1四半期",""
"宅地(土地と建物)","不動産取引価格情報","住宅地","31201","鳥取県","鳥取市","吉方温泉","鳥取",12,5000000,85,"ほぼ長方形",8,120,"1970年","木造","住宅","","南西","市道",4,"１種住居",60,200,"2025年第1四半期",""
"宅地(土地と建物)","不動産取引価格情報","住宅地","31201","鳥取県","鳥取市","吉成","鳥取",23,22000000,165,"ほぼ長方形",9.5,115,"2016年","木造","住宅","住宅","北","市道",9,"１中住専",60,200,"2024年第4四半期",""
"宅地(土地と建物)","不動産取引価格情報","住宅地","31201","鳥取県","鳥取市","吉成南町","鳥取",24,25000000,260,"台形",15,230,"1987年","鉄骨造","共同住宅","住宅","北","市道",6,"準工業",60,200,"2025年第3四半期",""
"宅地(土地と建物)","不動産取引価格情報","住宅地","31201","鳥取県","鳥取市","吉成南町","鳥取",25,14000000,165,"長方形",16.5,95,"1989年","軽量鉄骨造","住宅","住宅","北東","市道",4,"１中住専",60,200,"2025年第1四半期",""
"宅地(土地と建物)","不動産取引価格情報","住宅地","31201","鳥取県","鳥取市","若葉台南","津ノ井","30分〜60分",18000000,280,"ほぼ長方形",19,195,"1995年","木造","住宅","住宅","東","市道",6,"１低住専",50,80,"2025年第3四半期",""
"宅地(土地と建物)","不動産取引価格情報","住宅地","31201","鳥取県","鳥取市","若葉台南","津ノ井","30分〜60分",16000000,330,"ほぼ台形",15,185,"1994年","木造","住宅","住宅","南東","市道",7.5,"１低住専",50,80,"2024年第4四半期",""
"宅地(土地と建物)","成約価格情報","","31202","鳥取県","米子市","熊党","","",17000000,240,"","",125,"2007年","木造","","","西","公道",6,"準工業",60,200,"2024年第4四半期",""
"宅地(土地と建物)","成約価格情報","","31202","鳥取県","米子市","中島","","",21000000,165,"","",110,"2007年","木造","","","南東","公道",6,"１種住居",60,200,"2024年第4四半期",""
"宅地(土地と建物)","成約価格情報","","31202","鳥取県","米子市","錦町","","",18000000,380,"","",175,"戦前","木造","","","北西","公道",3,"１種住居",60,200,"2024年第4四半期",""
"宅地(土地と建物)","成約価格情報","","31202","鳥取県","米子市","錦海町","","",11000000,290,"","",125,"1993年","木造","","","北","公道",6,"２低住専",60,120,"2024年第4四半期",""
"宅地(土地と建物)","成約価格情報","","31202","鳥取県","米子市","日ノ出町","富士見町(鳥取)",10,3500000,205,"","",225,"1971年","木造","","","西","公道",3.8,"１種住居",60,200,"2024年第4四半期",""
"宅地(土地と建物)","成約価格情報","","31202","鳥取県","米子市","皆生新田","","",26000000,150,"","",85,"2023年","木造","","","北","公道",6,"１中住専",60,200,"2024年第4四半期",""
"宅地(土地と建物)","成約価格情報","","31202","鳥取県","米子市","皆生新田","","",15000000,400,"","",85,"1982年","木造","","","東","公道",4,"１種住居",60,200,"2024年第4四半期",""
"宅地(土地と建物)","成約価格情報","","31202","鳥取県","米子市","道笑町","","",24000000,190,"","",90,"2022年","木造","","","東","公道",2.5,"近隣商業",60,200,"2024年第4四半期",""
"宅地(土地と建物)","成約価格情報","","31202","鳥取県","米子市","福市","米子","30分〜60分",20000000,690,"","",310,"1977年","ＲＣ","","","南","公道",25,"１種住居",60,200,"2024年第4四半期",""
"宅地(土地と建物)","成約価格情報","","31202","鳥取県","米子市","米原","後藤",5,2500000,70,"","",65,"1977年","木造","","","北東","公道",4,"１種住居",60,200,"2024年第4四半期",""
"宅地(土地と建物)","成約価格情報","","31202","鳥取県","米子市","観音寺新町","","",23000000,210,"","",150,"2008年","木造","","","北西","公道","","２低住専",60,200,"2024年第4四半期",""
"宅地(土地と建物)","成約価格情報","","31202","鳥取県","米子市","錦町","富士見町(鳥取)",10,12000000,465,"","",140,"1989年","木造","","","北西","公道",2.3,"１種住居",60,200,"2025年第1四半期",""
"宅地(土地と建物)","成約価格情報","","31202","鳥取県","米子市","東福原","","",8400000,315,"","",165,"1987年","木造","","","東","公道",3.9,"１種住居",60,156,"2025年第1四半期",""
"宅地(土地と建物)","成約価格情報","","31202","鳥取県","米子市","花園町","","",11000000,130,"","",95,"1990年","木造","","","南西","公道",4,"近隣商業",80,240,"2025年第2四半期",""
"宅地(土地と建物)","成約価格情報","","31202","鳥取県","米子市","両三柳","","",9000000,225,"","",95,"1967年","木造","","","","","","１中住専",60,160,"2025年第2四半期",""
"宅地(土地と建物)","成約価格情報","","31202","鳥取県","米子市","富益町","","",15000000,190,"","",140,"1997年","軽量鉄骨造","","","南東","公道",5.5,"工業",60,200,"2025年第3四半期",""
"宅地(土地と建物)","成約価格情報","","31202","鳥取県","米子市","東福原","","",16000000,385,"","",190,"1960年","木造","","","東","公道",4,"１種住居",60,200,"2025年第3四半期",""
"宅地(土地と建物)","成約価格情報","","31202","鳥取県","米子市","両三柳","","",13000000,315,"","",150,"1994年","軽量鉄骨造","","","北西","","","１中住専",60,200,"2025年第3四半期",""
"宅地(土地と建物)","成約価格情報","","31202","鳥取県","米子市","両三柳","三本松口",20,25000000,155,"","",105,"2019年","木造","","","東","私道",4,"１種住居",60,200,"2025年第3四半期",""
"宅地(土地と建物)","成約価格情報","","31202","鳥取県","米子市","旗ヶ崎","三本松口",20,32000000,400,"","",190,"1992年","木造","","","北西","公道",5.8,"１種住居",60,200,"2025年第1四半期",""
"宅地(土地と建物)","成約価格情報","","31202","鳥取県","米子市","錦海町","米子",25,15000000,295,"","",125,"1990年","木造","","","南","公道",6,"２低住専",60,200,"2025年第2四半期",""
"宅地(土地と建物)","成約価格情報","","31202","鳥取県","米子市","新開","三本松口","30分〜60分",27000000,165,"","",110,"2020年","軽量鉄骨造","","","南","公道",12,"１中住専",60,200,"2025年第3四半期",""
"宅地(土地と建物)","成約価格情報","","31202","鳥取県","米子市","皆生","","",14000000,330,"","",95,"1979年","木造","","","","","","１中住専",60,200,"2025年第1四半期",""
"宅地(土地と建物)","成約価格情報","","31202","鳥取県","米子市","車尾","東山公園(鳥取)",15,19000000,130,"","",85,"1984年","木造","","","南東","公道",6,"１種住居",60,200,"2025年第1四半期",""
"宅地(土地と建物)","成約価格情報","","31202","鳥取県","米子市","上福原","","",24000000,175,"","",110,"2013年","木造","","","南","公道",4,"１種住居",60,160,"2025年第2四半期",""
"宅地(土地と建物)","成約価格情報","","31202","鳥取県","米子市","永江","","",4100000,280,"","",100,"1979年","木造","","","南西","公道",6,"１低住専",50,80,"2025年第2四半期",""
"宅地(土地と建物)","成約価格情報","","31202","鳥取県","米子市","河崎","河崎口",25,9200000,165,"","",115,"1996年","木造","","","北西","公道",6,"１中住専",60,200,"2025年第3四半期",""
"宅地(土地と建物)","成約価格情報","","31202","鳥取県","米子市","皆生温泉","","",6500000,185,"","",120,"1995年","木造","","","北","公道",3.5,"１種住居",60,160,"2025年第3四半期",""
"宅地(土地と建物)","成約価格情報","","31202","鳥取県","米子市","皆生温泉","","",5700000,255,"","",105,"1970年","木造","","","北","公道",4,"１種住居",60,200,"2025年第3四半期",""
"宅地(土地と建物)","成約価格情報","","31202","鳥取県","米子市","福市","","",24000000,185,"","",100,"2018年","木造","","","北東","公道",6,"１中住専",60,200,"2025年第1四半期",""
"宅地(土地と建物)","成約価格情報","","31202","鳥取県","米子市","米原","","",14000000,170,"","",95,"1989年","木造","","","西","公道",3.8,"１種住居",60,200,"2025年第1四半期",""
"宅地(土地と建物)","成約価格情報","","31202","鳥取県","米子市","立町","後藤",15,1600000,195,"","",135,"1961年","木造","","","西","公道",6,"１種住居",60,200,"2025年第2四半期",""
"宅地(土地と建物)","成約価格情報","","31202","鳥取県","米子市","夜見町","","",4700000,230,"","",115,"1978年","ＲＣ","","","南東","公道",6,"工業",60,200,"2025年第2四半期",""
"宅地(土地と建物)","成約価格情報","","31202","鳥取県","米子市","福市","米子","30分〜60分",6500000,270,"","",120,"1976年","木造","","","東","公道",6,"１中住専",60,200,"2025年第3四半期",""
"宅地(土地と建物)","不動産取引価格情報","住宅地","31202","鳥取県","米子市","愛宕町","米子",11,1200000,170,"ほぼ長方形",10,115,"1963年","木造","住宅","その他","南東","市道",5,"１種住居",60,200,"2024年第4四半期",""
"宅地(土地と建物)","不動産取引価格情報","住宅地","31202","鳥取県","米子市","安倍","米子","30分〜60分",7800000,200,"ほぼ正方形",14,125,"1971年","木造","住宅","住宅","南西","市道",4,"調整区域",70,400,"2025年第1四半期",""
"宅地(土地と建物)","不動産取引価格情報","住宅地","31202","鳥取県","米子市","一部","伯耆大山","30分〜60分",21000000,"2,000㎡以上","不整形","50.0m以上",540,"1991年","木造","作業場","事務所","北","市道",8,"調整区域",70,400,"2025年第3四半期",""
"宅地(土地と建物)","不動産取引価格情報","商業地","31202","鳥取県","米子市","陰田町","米子","30分〜60分",150000000,1400,"ほぼ長方形",44,75,"2007年","鉄骨造","その他","店舗","西","国道",15,"準工業",60,200,"2025年第2四半期",""
"宅地(土地と建物)","不動産取引価格情報","住宅地","31202","鳥取県","米子市","大崎","和田浜",21,2900000,480,"ほぼ長方形",24.5,"","","","","住宅","北西","道路",4,"調整区域",70,400,"2025年第2四半期",""
"宅地(土地と建物)","不動産取引価格情報","住宅地","31202","鳥取県","米子市","大篠津町","大篠津町",10,46000000,115,"ほぼ整形",5,220,"1979年","木造","住宅","","北西","市道",3,"調整区域",70,400,"2024年第4四半期",""
"宅地(土地と建物)","不動産取引価格情報","商業地","31202","鳥取県","米子市","尾高","伯耆大山","30分〜60分",220000000,"2,000㎡以上","ほぼ整形","50.0m以上",200,"2025年","軽量鉄骨造","店舗","店舗","北東","県道",13,"都計外","","","2025年第1四半期",""
"宅地(土地と建物)","不動産取引価格情報","住宅地","31202","鳥取県","米子市","尾高町","米子",26,21000000,430,"不整形",13.5,220,"","木造","その他","店舗","南東","市道",6,"近隣商業",80,300,"2025年第1四半期",""
"宅地(土地と建物)","不動産取引価格情報","住宅地","31202","鳥取県","米子市","皆生","米子","30分〜60分",5600000,100,"正方形",10,40,"2014年","木造","作業場","倉庫","南西","市道",6,"１中住専",60,200,"2024年第4四半期",""
"宅地(土地と建物)","不動産取引価格情報","住宅地","31202","鳥取県","米子市","皆生温泉","米子","1H〜1H30",13000000,250,"ほぼ整形",13,150,"1970年","木造","住宅","住宅","東","市道",8,"商業",80,400,"2025年第2四半期",""
"宅地(土地と建物)","不動産取引価格情報","住宅地","31202","鳥取県","米子市","皆生温泉","米子","1H〜1H30",35000000,220,"ほぼ長方形",17,130,"2017年","木造","住宅","住宅","南","市道",6,"商業",80,400,"2025年第1四半期",""
"宅地(土地と建物)","不動産取引価格情報","住宅地","31202","鳥取県","米子市","皆生温泉","米子","1H〜1H30",18000000,540,"ほぼ長方形",21,560,"","木造","その他","住宅","東","市道",6,"商業",80,400,"2025年第1四半期",""
"宅地(土地と建物)","不動産取引価格情報","住宅地","31202","鳥取県","米子市","皆生温泉","米子","1H〜1H30",15000000,450,"長方形",18,130,"1967年","木造","住宅","住宅","東","市道",6,"商業",80,400,"2025年第1四半期",""
"宅地(土地と建物)","不動産取引価格情報","商業地","31202","鳥取県","米子市","皆生温泉","米子","1H〜1H30",5000000,240,"長方形",27,165,"1980年","鉄骨造","事務所、倉庫","事務所","南","県道",13,"商業",80,400,"2024年第4四半期",""
"宅地(土地と建物)","不動産取引価格情報","住宅地","31202","鳥取県","米子市","皆生新田","米子","1H〜1H30",5800000,190,"ほぼ正方形",14,130,"1979年","木造","共同住宅","住宅","南","道路",4,"１種住居",60,200,"2025年第2四半期",""
"宅地(土地と建物)","不動産取引価格情報","住宅地","31202","鳥取県","米子市","角盤町","後藤",6,8400000,480,"長方形",11,135,"1976年","木造","住宅","住宅","南東","市道",3,"近隣商業",80,300,"2025年第1四半期",""
"宅地(土地と建物)","不動産取引価格情報","住宅地","31202","鳥取県","米子市","上安曇","米子","1H〜1H30",620000,420,"ほぼ長方形",27,170,"1949年","木造","住宅","住宅","南","市道",2,"調整区域",70,400,"2025年第2四半期",""
"宅地(土地と建物)","不動産取引価格情報","住宅地","31202","鳥取県","米子市","上後藤","米子","30分〜60分",7000000,460,"袋地等","",150,"","木造","倉庫","倉庫","北西","市道",3.3,"２中住専",60,200,"2025年第2四半期",""
"宅地(土地と建物)","不動産取引価格情報","住宅地","31202","鳥取県","米子市","上後藤","米子","30分〜60分",1000000,100,"長方形",9,115,"1965年","木造、ブロック造","住宅","住宅","南西","市道",4,"１中住専",60,200,"2024年第4四半期",""
"宅地(土地と建物)","不動産取引価格情報","住宅地","31202","鳥取県","米子市","上後藤","米子","30分〜60分",1000000,100,"長方形",8.5,60,"1966年","木造","住宅","住宅","南西","市道",4,"１中住専",60,200,"2024年第4四半期",""
"宅地(土地と建物)","不動産取引価格情報","住宅地","31202","鳥取県","米子市","上後藤","米子","30分〜60分",20000000,190,"長方形",13,115,"2005年","軽量鉄骨造","住宅","住宅","北西","市道",6,"１中住専",60,200,"2024年第4四半期",""
"宅地(土地と建物)","不動産取引価格情報","住宅地","31202","鳥取県","米子市","上福原","米子","30分〜60分",8000000,200,"ほぼ長方形",14,95,"1998年","木造","住宅","住宅","南","市道",9,"調整区域",70,400,"2025年第2四半期",""
"宅地(土地と建物)","不動産取引価格情報","住宅地","31202","鳥取県","米子市","上福原","米子","30分〜60分",31000000,140,"ほぼ整形",6.5,140,"2025年","木造","住宅、倉庫","住宅","東","私道",4,"１中住専",60,200,"2025年第1四半期",""
"宅地(土地と建物)","不動産取引価格情報","商業地","31202","鳥取県","米子市","上福原","米子","30分〜60分",13000000,240,"台形",13,250,"1964年","鉄骨造、木造","住宅、店舗","その他","南東","県道",20,"１種住居",60,200,"2024年第4四半期",""
"宅地(土地と建物)","不動産取引価格情報","住宅地","31202","鳥取県","米子市","上福原","米子","30分〜60分",230000000,1300,"不整形","",600,"2024年","軽量鉄骨造","共同住宅","住宅","南東","市道",4,"１種住居",60,200,"2024年第4四半期",""
"宅地(土地と建物)","不動産取引価格情報","住宅地","31202","鳥取県","米子市","上福原","米子","30分〜60分",1000000,500,"長方形",16,70,"1996年","木造","住宅","その他","西","市道",2.7,"１中住専",60,200,"2024年第4四半期",""
"宅地(土地と建物)","不動産取引価格情報","住宅地","31202","鳥取県","米子市","上福原","米子","30分〜60分",22000000,380,"ほぼ整形",8.5,175,"1992年","木造","住宅","住宅","北","市道",4,"１中住専",60,200,"2024年第4四半期",""
"宅地(土地と建物)","不動産取引価格情報","住宅地","31202","鳥取県","米子市","蚊屋","伯耆大山",6,11000000,220,"ほぼ長方形",11.5,130,"2002年","木造","住宅","住宅","南","市道",6,"１種住居",60,200,"2025年第2四半期",""
"宅地(土地と建物)","不動産取引価格情報","住宅地","31202","鳥取県","米子市","河岡","伯耆大山","1H〜1H30",6000000,220,"ほぼ長方形",12,135,"1995年","軽量鉄骨造","住宅","住宅","北","市道",6,"都計外","","","2025年第2四半期",""
"宅地(土地と建物)","不動産取引価格情報","住宅地","31202","鳥取県","米子市","河岡","伯耆大山","30分〜60分",4000000,200,"ほぼ台形",15,110,"1993年","木造","住宅","住宅","南東","市道",6,"都計外","","","2025年第2四半期",""
"宅地(土地と建物)","不動産取引価格情報","住宅地","31202","鳥取県","米子市","河岡","伯耆大山","30分〜60分",6600000,210,"ほぼ長方形",13,150,"1995年","木造","住宅","住宅","北西","市道",6,"都計外","","","2025年第1四半期","調停・競売等"
"宅地(土地と建物)","不動産取引価格情報","住宅地","31202","鳥取県","米子市","河崎","河崎口",18,23000000,120,"長方形",9,95,"2024年","木造","住宅","住宅","南西","市道",6,"調整区域",70,400,"2025年第2四半期",""
"宅地(土地と建物)","不動産取引価格情報","住宅地","31202","鳥取県","米子市","河崎","米子","1H〜1H30",6000000,1800,"不整形","",140,"1970年","木造","住宅","その他","北西","市道",4,"調整区域",70,400,"2024年第4四半期",""
"宅地(土地と建物)","不動産取引価格情報","住宅地","31202","鳥取県","米子市","勝田町","博労町",6,1000000,165,"長方形",12,130,"1955年","木造","住宅","その他","接面道路無","","","１種住居",60,200,"2024年第4四半期",""
"宅地(土地と建物)","不動産取引価格情報","住宅地","31202","鳥取県","米子市","観音寺新町","米子","30分〜60分",24000000,200,"ほぼ長方形",20,145,"2007年","木造","住宅","住宅","東","市道",6,"２低住専",60,200,"2024年第4四半期",""
"宅地(土地と建物)","不動産取引価格情報","住宅地","31202","鳥取県","米子市","観音寺新町","米子",29,23000000,210,"長方形",13,150,"2008年","木造","住宅","住宅","北東","市道",6,"２低住専",60,200,"2024年第4四半期",""
"宅地(土地と建物)","不動産取引価格情報","住宅地","31202","鳥取県","米子市","祇園町","米子",25,100000,85,"長方形",11,100,"1953年","木造","住宅","住宅","東","市道",6,"１種住居",60,200,"2025年第1四半期",""
"宅地(土地と建物)","不動産取引価格情報","住宅地","31202","鳥取県","米子市","祇園町","米子",26,300000,90,"長方形",11,35,"1955年","木造","住宅","倉庫","東","市道",4,"１種住居",60,200,"2024年第4四半期",""
"宅地(土地と建物)","不動産取引価格情報","住宅地","31202","鳥取県","米子市","錦海町","米子","30分〜60分",24000000,290,"ほぼ長方形",13,125,"1993年","木造","住宅","住宅","北東","市道",6,"２低住専",60,200,"2025年第3四半期",""
"宅地(土地と建物)","不動産取引価格情報","住宅地","31202","鳥取県","米子市","錦海町","米子","30分〜60分",11000000,290,"長方形",13,125,"1993年","木造","住宅","住宅","北東","市道",6,"２低住専",60,200,"2024年第4四半期",""
"宅地(土地と建物)","不動産取引価格情報","住宅地","31202","鳥取県","米子市","車尾","東山公園(鳥取)",5,600000,290,"ほぼ長方形",11,85,"","木造","住宅","住宅","東","道路",2.2,"１種住居",60,200,"2024年第4四半期",""
"宅地(土地と建物)","不動産取引価格情報","住宅地","31202","鳥取県","米子市","車尾","米子","30分〜60分",26000000,140,"ほぼ正方形",10.5,90,"2025年","木造","住宅","住宅","北","市道",6,"１種住居",60,200,"2025年第3四半期",""
"宅地(土地と建物)","不動産取引価格情報","住宅地","31202","鳥取県","米子市","車尾","米子","30分〜60分",33000000,150,"ほぼ長方形",10.5,115,"2025年","木造","住宅","住宅","南","区画街路",6,"１中住専",60,200,"2025年第2四半期",""
"宅地(土地と建物)","不動産取引価格情報","住宅地","31202","鳥取県","米子市","車尾","米子","30分〜60分",3800000,125,"ほぼ長方形",10,80,"1984年","木造","住宅","住宅","南西","市道",6,"１種住居",60,200,"2025年第1四半期",""
"宅地(土地と建物)","不動産取引価格情報","住宅地","31202","鳥取県","米子市","熊党","伯耆大山",11,18000000,155,"ほぼ長方形",13.5,165,"1997年","木造","住宅","住宅","北","市道",6,"準工業",60,200,"2025年第1四半期",""
"宅地(土地と建物)","不動産取引価格情報","住宅地","31202","鳥取県","米子市","熊党","伯耆大山",11,20000000,240,"ほぼ長方形",9,125,"2007年","木造","住宅","住宅","西","市道",6,"準工業",60,200,"2024年第4四半期",""
"宅地(土地と建物)","不動産取引価格情報","住宅地","31202","鳥取県","米子市","熊党","伯耆大山",9,26000000,135,"ほぼ長方形",10.5,105,"2024年","木造","住宅","住宅","北","市道",6,"準工業",60,200,"2024年第4四半期",""
"宅地(土地と建物)","不動産取引価格情報","住宅地","31202","鳥取県","米子市","三本松","三本松口",1,7000000,200,"ほぼ長方形",18,115,"1971年","木造","住宅","住宅","西","市道",6,"１種住居",60,200,"2024年第4四半期",""
"宅地(土地と建物)","不動産取引価格情報","住宅地","31202","鳥取県","米子市","三本松","米子","30分〜60分",9000000,280,"長方形",11,115,"1970年","木造","住宅","住宅","南東","市道",5,"１種住居",60,200,"2025年第2四半期",""
"宅地(土地と建物)","不動産取引価格情報","住宅地","31202","鳥取県","米子市","昭和町","米子",14,9100000,320,"長方形",14.5,125,"1967年","木造","住宅","住宅","北西","市道",4.5,"１種住居",60,200,"2024年第4四半期",""
"宅地(土地と建物)","不動産取引価格情報","住宅地","31202","鳥取県","米子市","新開","米子","1H〜1H30",6000000,200,"長方形",11,85,"1977年","木造","住宅","住宅","西","道路",4,"１種住居",60,200,"2025年第3四半期",""
"宅地(土地と建物)","不動産取引価格情報","住宅地","31202","鳥取県","米子市","新開","米子","1H〜1H30",29000000,160,"ほぼ長方形",15,110,"2024年","木造","住宅","住宅","南東","市道",4.5,"１中住専",60,200,"2024年第4四半期",""
"宅地(土地と建物)","不動産取引価格情報","住宅地","31202","鳥取県","米子市","新開","米子","1H〜1H30",28000000,195,"ほぼ長方形",11,80,"2024年","木造","住宅","住宅","南西","市道",6,"１中住専",60,200,"2024年第4四半期",""
"宅地(土地と建物)","不動産取引価格情報","商業地","31202","鳥取県","米子市","末広町","米子",4,18000000,210,"ほぼ整形",11.5,420,"1976年","鉄骨造","住宅、事務所","店舗","南西","市道",16,"商業",80,500,"2024年第4四半期",""
"宅地(土地と建物)","不動産取引価格情報","住宅地","31202","鳥取県","米子市","富益町","米子","1H30〜2H",5500000,220,"ほぼ長方形",18,95,"1986年","木造","住宅","住宅","北西","市道",6,"調整区域",70,400,"2025年第2四半期",""
"宅地(土地と建物)","不動産取引価格情報","住宅地","31202","鳥取県","米子市","永江","米子","1H〜1H30",7000000,200,"ほぼ台形",17,155,"1981年","木造","住宅、店舗","その他","南西","市道",10,"１低住専",50,80,"2025年第1四半期",""
"宅地(土地と建物)","不動産取引価格情報","住宅地","31202","鳥取県","米子市","永江","米子","1H〜1H30",2500000,210,"長方形",12.5,145,"1978年","木造","住宅、駐車場","住宅","北東","市道",6,"１低住専",50,80,"2024年第4四半期",""
"宅地(土地と建物)","不動産取引価格情報","住宅地","31202","鳥取県","米子市","中島","米子","30分〜60分",20000000,140,"ほぼ長方形",8,95,"2018年","木造","住宅","住宅","北西","市道",4.5,"１種住居",60,200,"2025年第1四半期",""
"宅地(土地と建物)","不動産取引価格情報","住宅地","31202","鳥取県","米子市","中島","米子","30分〜60分",5000000,210,"ほぼ長方形",13,125,"1969年","木造","","住宅","北西","市道",5,"１種住居",60,200,"2024年第4四半期",""
"宅地(土地と建物)","不動産取引価格情報","住宅地","31202","鳥取県","米子市","中島","米子","30分〜60分",5000000,290,"ほぼ長方形",10.5,150,"1983年","木造","","店舗","北東","市道",6,"１種住居",60,200,"2024年第4四半期",""
"宅地(土地と建物)","不動産取引価格情報","住宅地","31202","鳥取県","米子市","中島","米子","30分〜60分",2000000,140,"ほぼ長方形",16,110,"1980年","木造","住宅","住宅","南東","市道",6,"１種住居",60,200,"2024年第4四半期",""
"宅地(土地と建物)","不動産取引価格情報","住宅地","31202","鳥取県","米子市","西福原","米子","30分〜60分",38000000,1200,"不整形","",440,"2000年","軽量鉄骨造","共同住宅","その他","西","市道",4,"１中住専",60,200,"2025年第3四半期",""
"宅地(土地と建物)","不動産取引価格情報","住宅地","31202","鳥取県","米子市","西福原","米子","30分〜60分",30000000,160,"ほぼ長方形",8,105,"2025年","木造","住宅","住宅","南東","市道",5,"１中住専",60,200,"2025年第3四半期",""
"宅地(土地と建物)","不動産取引価格情報","住宅地","31202","鳥取県","米子市","西福原","米子","30分〜60分",46000000,1500,"ほぼ長方形",21.5,300,"1970年","鉄骨造","","住宅","北西","市道",6,"２中住専",60,200,"2024年第4四半期",""
"宅地(土地と建物)","不動産取引価格情報","住宅地","31202","鳥取県","米子市","西福原","米子","30分〜60分",10000000,220,"ほぼ長方形",10,80,"1960年","木造","住宅","住宅","北西","市道",6.5,"１中住専",60,200,"2024年第4四半期",""
"宅地(土地と建物)","不動産取引価格情報","住宅地","31202","鳥取県","米子市","旗ヶ崎","米子","30分〜60分",33000000,210,"ほぼ長方形",11,110,"2025年","木造","住宅","住宅","北東","市道",4.5,"１中住専",60,200,"2025年第2四半期",""
"宅地(土地と建物)","不動産取引価格情報","工業地","31202","鳥取県","米子市","旗ヶ崎","米子","30分〜60分",23000000,1000,"長方形",19,500,"1994年","鉄骨造","倉庫","倉庫","南西","市道",10,"工業",60,200,"2025年第2四半期",""
"宅地(土地と建物)","不動産取引価格情報","住宅地","31202","鳥取県","米子市","旗ヶ崎","米子","30分〜60分",6200000,260,"ほぼ正方形",17,135,"1972年","木造","住宅","その他","北東","市道",3.5,"１中住専",60,200,"2025年第2四半期",""
"宅地(土地と建物)","不動産取引価格情報","住宅地","31202","鳥取県","米子市","旗ヶ崎","米子","30分〜60分",42000000,380,"ほぼ長方形",18,340,"2002年","ＲＣ","共同住宅","その他","南","市道",6,"１種住居",60,200,"2025年第2四半期",""
"宅地(土地と建物)","不動産取引価格情報","住宅地","31202","鳥取県","米子市","旗ヶ崎","米子","30分〜60分",34000000,210,"ほぼ整形",12.5,110,"2025年","木造","住宅","住宅","北西","私道",4,"１中住専",60,200,"2025年第1四半期",""
"宅地(土地と建物)","不動産取引価格情報","商業地","31202","鳥取県","米子市","旗ヶ崎","米子","30分〜60分",12000000,180,"ほぼ整形",14,110,"1977年","鉄骨造","住宅、店舗","店舗","北西","市道",20,"２中住専",60,200,"2024年第4四半期",""
"宅地(土地と建物)","不動産取引価格情報","住宅地","31202","鳥取県","米子市","旗ヶ崎","米子","30分〜60分",12000000,175,"長方形",11,120,"1996年","木造","住宅","住宅","北東","市道",6,"１種住居",60,200,"2024年第4四半期",""
"宅地(土地と建物)","不動産取引価格情報","住宅地","31202","鳥取県","米子市","東福原","米子","30分〜60分",1700000,145,"不整形",4,105,"1988年","木造","住宅","","南西","市道",4.5,"１中住専",60,200,"2025年第2四半期","調停・競売等"
"宅地(土地と建物)","不動産取引価格情報","住宅地","31202","鳥取県","米子市","東福原","米子","30分〜60分",27000000,135,"ほぼ長方形",8.5,105,"2024年","木造","住宅","住宅","南西","私道",4,"１種住居",60,200,"2025年第1四半期",""
"宅地(土地と建物)","不動産取引価格情報","住宅地","31202","鳥取県","米子市","東福原","米子","30分〜60分",11000000,330,"ほぼ長方形",22,155,"1992年","木造","住宅","住宅","南","市道",6,"１種住居",60,200,"2025年第1四半期",""
"宅地(土地と建物)","不動産取引価格情報","住宅地","31202","鳥取県","米子市","東山町","博労町",6,8000000,190,"長方形",10,110,"1966年","木造","住宅","住宅","北","市道",3.5,"１種住居",60,200,"2025年第3四半期",""
"宅地(土地と建物)","不動産取引価格情報","住宅地","31202","鳥取県","米子市","彦名町","河崎口","30分〜60分",22000000,350,"長方形",15.5,105,"2023年","軽量鉄骨造","住宅","住宅","北西","市道",5.5,"調整区域",70,400,"2025年第2四半期","調停・競売等"
"宅地(土地と建物)","不動産取引価格情報","住宅地","31202","鳥取県","米子市","彦名町","河崎口",26,13000000,290,"ほぼ長方形",20,220,"1982年","木造","事務所、倉庫","店舗","北東","県道",20,"１種住居",60,200,"2025年第2四半期","隣地の購入"
"宅地(土地と建物)","不動産取引価格情報","住宅地","31202","鳥取県","米子市","彦名町","河崎口",25,4000000,490,"ほぼ長方形",31.5,105,"1994年","木造","住宅","住宅","北西","道路",2.5,"調整区域",70,400,"2024年第4四半期",""
"宅地(土地と建物)","不動産取引価格情報","商業地","31202","鳥取県","米子市","彦名町","米子","30分〜60分",19000000,780,"ほぼ台形",24,400,"1989年","鉄骨造","店舗","店舗","北","県道",20,"１種住居",60,200,"2025年第2四半期",""
"宅地(土地と建物)","不動産取引価格情報","住宅地","31202","鳥取県","米子市","彦名町","米子","1H〜1H30",25000000,470,"ほぼ整形","",130,"1998年","木造","住宅","住宅","北西","道路",6,"調整区域",70,400,"2024年第4四半期",""
"宅地(土地と建物)","不動産取引価格情報","商業地","31202","鳥取県","米子市","日ノ出町","富士見町(鳥取)",6,310000000,"2,000㎡以上","不整形","50.0m以上",1200,"1995年","鉄骨造","店舗","店舗","南東","国道",20,"近隣商業",80,200,"2024年第4四半期",""
"宅地(土地と建物)","不動産取引価格情報","住宅地","31202","鳥取県","米子市","福市","米子","30分〜60分",5500000,320,"ほぼ長方形",23.5,195,"1973年","木造","住宅","住宅","東","市道",4.5,"調整区域",70,400,"2025年第2四半期",""
"宅地(土地と建物)","不動産取引価格情報","住宅地","31202","鳥取県","米子市","福市","米子","30分〜60分",1000000,250,"不整形",13,130,"1973年","木造","住宅、その他","住宅","北","私道",4,"１種住居",60,200,"2025年第2四半期",""
"宅地(土地と建物)","不動産取引価格情報","住宅地","31202","鳥取県","米子市","福市","米子","1H〜1H30",25000000,185,"ほぼ長方形",13,100,"2018年","木造","住宅","住宅","北東","市道",6,"１中住専",60,200,"2025年第1四半期",""
"宅地(土地と建物)","不動産取引価格情報","商業地","31202","鳥取県","米子市","法勝寺町","米子",8,3000000,170,"ほぼ長方形",5,100,"","木造","その他","店舗","南西","市道",6,"商業",80,400,"2025年第1四半期",""
"宅地(土地と建物)","不動産取引価格情報","商業地","31202","鳥取県","米子市","法勝寺町","米子",7,9000000,490,"不整形",30,670,"","ＲＣ","店舗","店舗","南西","市道",6,"商業",80,400,"2024年第4四半期",""
"宅地(土地と建物)","不動産取引価格情報","商業地","31202","鳥取県","米子市","法勝寺町","米子",8,14000000,270,"長方形",8,530,"1967年","鉄骨造","住宅、店舗","事務所","南西","市道",5,"商業",80,400,"2024年第4四半期",""
"宅地(土地と建物)","不動産取引価格情報","住宅地","31202","鳥取県","米子市","美吉","米子",9,19000000,450,"ほぼ長方形",10,220,"1988年","鉄骨造","共同住宅","住宅","北","市道",4.5,"１種住居",60,200,"2024年第4四半期",""
"宅地(土地と建物)","不動産取引価格情報","住宅地","31202","鳥取県","米子市","美吉","米子",10,8900000,330,"ほぼ正方形",20,145,"1973年","木造","住宅","その他","西","市道",4.5,"１種住居",60,200,"2024年第4四半期",""
"宅地(土地と建物)","不動産取引価格情報","住宅地","31202","鳥取県","米子市","目久美町","米子",3,80000000,1800,"不整形",26,105,"1980年","木造","","その他","南西","市道",16,"１種住居",60,200,"2025年第1四半期",""
"宅地(土地と建物)","不動産取引価格情報","商業地","31202","鳥取県","米子市","四日市町","米子",16,3000000,300,"ほぼ整形",7.5,560,"","木造","住宅、店舗","店舗","北東","市道",10.5,"商業",80,400,"2024年第4四半期",""
"宅地(土地と建物)","不動産取引価格情報","住宅地","31202","鳥取県","米子市","淀江町今津","淀江",11,5000000,580,"不整形",10,95,"1977年","軽量鉄骨造","事務所、倉庫","その他","北西","国道",14,"非線引き",70,400,"2025年第1四半期",""
"宅地(土地と建物)","不動産取引価格情報","住宅地","31202","鳥取県","米子市","淀江町佐陀","伯耆大山","30分〜60分",26000000,160,"ほぼ長方形",8,95,"2023年","木造","住宅","","東","区画街路",6,"非線引き",70,400,"2025年第1四半期",""
"宅地(土地と建物)","不動産取引価格情報","住宅地","31202","鳥取県","米子市","淀江町佐陀","伯耆大山","30分〜60分",16000000,240,"ほぼ長方形",12,85,"1977年","木造","住宅","住宅","南東","市道",6,"非線引き",70,400,"2025年第1四半期",""
"宅地(土地と建物)","不動産取引価格情報","住宅地","31202","鳥取県","米子市","淀江町佐陀","伯耆大山","30分〜60分",25000000,160,"ほぼ長方形",8,100,"2024年","木造","住宅","住宅","東","区画街路",6,"非線引き",70,400,"2025年第1四半期",""
"宅地(土地と建物)","不動産取引価格情報","住宅地","31202","鳥取県","米子市","淀江町淀江","淀江",1,2000000,270,"ほぼ長方形",14,150,"1968年","木造","","住宅","東","市道",4,"非線引き",70,400,"2024年第4四半期",""
"宅地(土地と建物)","不動産取引価格情報","住宅地","31202","鳥取県","米子市","米原","三本松口",4,59000000,580,"ほぼ長方形","50.0m以上",800,"1990年","鉄骨造","共同住宅","","南西","市道",6.5,"１種住居",60,200,"2024年第4四半期",""
"宅地(土地と建物)","不動産取引価格情報","住宅地","31202","鳥取県","米子市","米原","米子","30分〜60分",120000000,"2,000㎡以上","長方形","50.0m以上",430,"2000年","軽量鉄骨造","共同住宅","","北東","市道",4.5,"２中住専",60,200,"2025年第2四半期",""
"宅地(土地と建物)","不動産取引価格情報","住宅地","31202","鳥取県","米子市","米原","米子","30分〜60分",9600000,580,"ほぼ長方形",21,150,"1973年","木造","住宅","住宅","南西","市道",3.2,"１種住居",60,200,"2025年第2四半期",""
"宅地(土地と建物)","不動産取引価格情報","住宅地","31202","鳥取県","米子市","米原","米子","30分〜60分",52000000,290,"ほぼ整形",7,105,"2023年","軽量鉄骨造","住宅","住宅","南東","道路",6,"２中住専",60,200,"2025年第1四半期",""
"宅地(土地と建物)","不動産取引価格情報","住宅地","31202","鳥取県","米子市","米原","米子","30分〜60分",14000000,160,"ほぼ長方形",15,170,"1997年","木造","住宅","住宅","南西","市道",6,"２中住専",60,200,"2024年第4四半期",""
"宅地(土地と建物)","不動産取引価格情報","住宅地","31202","鳥取県","米子市","夜見町","弓ケ浜",23,30000000,190,"ほぼ正方形",14,60,"2025年","木造","住宅","住宅","南東","市道",6,"工業",60,200,"2025年第2四半期",""
"宅地(土地と建物)","不動産取引価格情報","住宅地","31202","鳥取県","米子市","夜見町","弓ケ浜",15,4700000,230,"長方形",12,110,"1978年","ＲＣ","住宅","その他","南東","市道",6,"工業",60,200,"2025年第1四半期",""
"宅地(土地と建物)","不動産取引価格情報","住宅地","31202","鳥取県","米子市","夜見町","弓ケ浜",26,15000000,155,"ほぼ長方形",8.5,85,"2013年","木造","住宅","住宅","南西","市道",6,"工業",60,200,"2024年第4四半期",""
"宅地(土地と建物)","不動産取引価格情報","住宅地","31202","鳥取県","米子市","両三柳","米子","30分〜60分",29000000,140,"長方形",14,105,"2025年","木造","住宅","住宅","南東","私道",4,"１種住居",60,200,"2025年第3四半期",""
"宅地(土地と建物)","不動産取引価格情報","住宅地","31202","鳥取県","米子市","両三柳","米子","30分〜60分",22000000,190,"ほぼ正方形",15,105,"2019年","軽量鉄骨造","住宅","住宅","南西","市道",6,"１種住居",60,200,"2025年第2四半期",""
"宅地(土地と建物)","不動産取引価格情報","住宅地","31202","鳥取県","米子市","両三柳","米子","30分〜60分",53000000,820,"不整形",8,410,"2003年","鉄骨造","共同住宅","その他","南東","市道",4.5,"１種住居",60,200,"2025年第2四半期",""
"宅地(土地と建物)","不動産取引価格情報","住宅地","31202","鳥取県","米子市","両三柳","米子","30分〜60分",80000000,1200,"ほぼ整形","50.0m以上",1200,"1999年","軽量鉄骨造","共同住宅","その他","東","市道",4,"１種住居",60,200,"2025年第1四半期",""
"宅地(土地と建物)","不動産取引価格情報","住宅地","31202","鳥取県","米子市","両三柳","米子","30分〜60分",300000,110,"ほぼ長方形",8,50,"1970年","木造","住宅","住宅","北","道路",3,"１種住居",60,200,"2025年第1四半期",""
"宅地(土地と建物)","不動産取引価格情報","住宅地","31202","鳥取県","米子市","両三柳","米子","30分〜60分",18000000,320,"ほぼ長方形",17,210,"1991年","鉄骨造","事務所、倉庫","事務所","北","市道",9,"近隣商業",80,200,"2025年第1四半期",""
"宅地(土地と建物)","不動産取引価格情報","住宅地","31202","鳥取県","米子市","両三柳","米子","30分〜60分",8000000,380,"ほぼ整形",14,310,"1979年","鉄骨造","住宅","事務所","南東","道路",6,"１種住居",60,200,"2025年第1四半期","私道を含む取引"
"宅地(土地と建物)","不動産取引価格情報","住宅地","31202","鳥取県","米子市","両三柳","米子","1H〜1H30",26000000,165,"ほぼ長方形",10,125,"1997年","軽量鉄骨造","住宅","住宅","北東","市道",4,"調整区域",70,400,"2024年第4四半期",""
"宅地(土地と建物)","不動産取引価格情報","住宅地","31202","鳥取県","米子市","両三柳","米子","30分〜60分",2000000,380,"ほぼ長方形",14,310,"1979年","鉄骨造","事務所、倉庫","事務所","南東","道路",5.5,"１種住居",60,200,"2024年第4四半期",""
"宅地(土地と建物)","不動産取引価格情報","住宅地","31202","鳥取県","米子市","両三柳","米子","1H〜1H30",68000000,1500,"ほぼ長方形","50.0m以上",920,"1995年","ＲＣ","共同住宅","住宅","南東","市道",5,"１中住専",60,200,"2024年第4四半期",""
"宅地(土地と建物)","不動産取引価格情報","住宅地","31202","鳥取県","米子市","和田町","和田浜",13,4200000,520,"ほぼ長方形",20,135,"1978年","木造","住宅","住宅","南東","市道",2.5,"調整区域",70,400,"2025年第2四半期",""
"宅地(土地と建物)","不動産取引価格情報","工業地","31202","鳥取県","米子市","和田町","和田浜",15,86000000,"2,000㎡以上","長方形",44.5,"2,000㎡以上","1973年","鉄骨造","事務所、倉庫","工場","南西","市道",8.5,"工業専用",60,200,"2025年第1四半期","隣地の購入"
"宅地(土地と建物)","成約価格情報","","31203","鳥取県","倉吉市","清谷町","倉吉",25,23000000,170,"","",105,"2024年","木造","","","北東","公道",6,"１中住専",60,200,"2025年第1四半期",""
"宅地(土地と建物)","成約価格情報","","31203","鳥取県","倉吉市","清谷町","倉吉",25,23000000,170,"","",100,"2024年","木造","","","北東","公道",6,"１中住専",60,200,"2025年第1四半期",""
"宅地(土地と建物)","成約価格情報","","31203","鳥取県","倉吉市","清谷町","倉吉",25,24000000,180,"","",110,"2024年","木造","","","北西","公道",6,"１中住専",60,200,"2025年第2四半期",""
"宅地(土地と建物)","不動産取引価格情報","商業地","31203","鳥取県","倉吉市","上井町","倉吉",1,3500000,70,"ほぼ台形",9,105,"1971年","ＲＣ","店舗","店舗","北東","市道",11.5,"商業",80,400,"2025年第2四半期",""
"宅地(土地と建物)","不動産取引価格情報","住宅地","31203","鳥取県","倉吉市","上井町","倉吉",7,8500000,630,"ほぼ整形",21.5,400,"1977年","鉄骨造","その他","店舗","西","市道",2.7,"１種住居",60,200,"2024年第4四半期",""
"宅地(土地と建物)","不動産取引価格情報","住宅地","31203","鳥取県","倉吉市","上井町","倉吉",3,3300000,210,"ほぼ長方形",20,70,"","木造","住宅","その他","南","市道",6,"商業",80,400,"2024年第4四半期",""
"宅地(土地と建物)","不動産取引価格情報","住宅地","31203","鳥取県","倉吉市","伊木","倉吉",14,24000000,175,"ほぼ長方形",14,100,"2024年","木造","住宅","住宅","北","区画街路",6,"１種住居",60,200,"2024年第4四半期",""
"宅地(土地と建物)","不動産取引価格情報","住宅地","31203","鳥取県","倉吉市","生田","倉吉","1H〜1H30",19000000,250,"ほぼ台形",15.5,100,"2013年","木造","住宅","住宅","南西","市道",6,"非線引き",70,400,"2024年第4四半期",""
"宅地(土地と建物)","不動産取引価格情報","住宅地","31203","鳥取県","倉吉市","生田","倉吉","1H30〜2H",7000000,175,"ほぼ長方形",9,110,"2002年","木造","住宅","その他","北東","区画街路",6,"非線引き",70,400,"2024年第4四半期",""
"宅地(土地と建物)","不動産取引価格情報","住宅地","31203","鳥取県","倉吉市","井手畑","倉吉",29,1600000,370,"不整形",9.5,"","","","","その他","南東","道路","","非線引き",70,400,"2025年第2四半期",""
"宅地(土地と建物)","不動産取引価格情報","住宅地","31203","鳥取県","倉吉市","魚町","倉吉","30分〜60分",7900000,280,"長方形",8.5,195,"1952年","木造","住宅","事務所","北","市道",5.5,"商業",80,400,"2025年第2四半期",""
"宅地(土地と建物)","不動産取引価格情報","住宅地","31203","鳥取県","倉吉市","海田西町","倉吉",11,5500000,150,"ほぼ正方形",13,90,"1976年","木造","住宅","住宅","東","市道",16,"１種住居",60,200,"2025年第2四半期",""
"宅地(土地と建物)","不動産取引価格情報","住宅地","31203","鳥取県","倉吉市","上古川","倉吉","1H30〜2H",500000,380,"ほぼ長方形",21,55,"1987年","木造","住宅","住宅","南西","市道","","非線引き",70,400,"2025年第1四半期",""
"宅地(土地と建物)","不動産取引価格情報","住宅地","31203","鳥取県","倉吉市","鴨川町","倉吉","1H〜1H30",1200000,150,"ほぼ長方形",10,80,"1969年","木造","住宅","住宅","南西","市道",5,"１中住専",60,200,"2025年第1四半期",""
"宅地(土地と建物)","不動産取引価格情報","住宅地","31203","鳥取県","倉吉市","北野","倉吉","1H30〜2H",5000000,440,"ほぼ長方形",15,230,"1969年","木造","住宅","住宅","南西","市道",2.3,"非線引き",70,400,"2025年第2四半期",""
"宅地(土地と建物)","不動産取引価格情報","住宅地","31203","鳥取県","倉吉市","小田","倉吉",20,2000000,420,"ほぼ正方形",20,185,"1972年","木造","住宅","住宅","北西","市道",3.3,"非線引き",70,400,"2025年第2四半期",""
"宅地(土地と建物)","不動産取引価格情報","住宅地","31203","鳥取県","倉吉市","堺町","倉吉","30分〜60分",2100000,95,"長方形",5,250,"1971年","ＲＣ","住宅、店舗","住宅","西","市道",4.5,"商業",80,400,"2025年第2四半期",""
"宅地(土地と建物)","不動産取引価格情報","商業地","31203","鳥取県","倉吉市","堺町","倉吉","30分〜60分",6900000,155,"ほぼ台形",7,85,"2009年","鉄骨造","倉庫","倉庫","北東","県道",12,"近隣商業",80,300,"2025年第2四半期",""
"宅地(土地と建物)","不動産取引価格情報","住宅地","31203","鳥取県","倉吉市","下田中町","倉吉","30分〜60分",2000000,135,"ほぼ長方形",9,90,"1969年","木造","住宅","住宅","北","市道",1.9,"１中住専",60,200,"2025年第3四半期",""
"宅地(土地と建物)","不動産取引価格情報","工業地","31203","鳥取県","倉吉市","秋喜","倉吉","1H30〜2H",37000000,"2,000㎡以上","不整形","50.0m以上","2,000㎡以上","2013年","鉄骨造","工場","その他","南西","道路",4.5,"工業",60,200,"2025年第2四半期",""
"宅地(土地と建物)","不動産取引価格情報","住宅地","31203","鳥取県","倉吉市","秋喜","倉吉","1H30〜2H",45000000,"2,000㎡以上","ほぼ長方形",42,"2,000㎡以上","1980年","鉄骨造","住宅","倉庫","北西","市道",10,"工業専用",60,200,"2025年第1四半期",""
"宅地(土地と建物)","不動産取引価格情報","住宅地","31203","鳥取県","倉吉市","秋喜西町","倉吉","1H〜1H30",7600000,260,"ほぼ台形",13,90,"1995年","木造","住宅","住宅","東","市道",8,"１中住専",60,200,"2025年第2四半期",""
"宅地(土地と建物)","不動産取引価格情報","住宅地","31203","鳥取県","倉吉市","秋喜西町","倉吉","1H〜1H30",24000000,195,"ほぼ長方形",13,110,"2023年","木造","住宅","住宅","北","市道",6,"１種住居",60,200,"2024年第4四半期",""
"宅地(土地と建物)","不動産取引価格情報","住宅地","31203","鳥取県","倉吉市","清谷","倉吉","30分〜60分",11000000,210,"ほぼ長方形",15,135,"1992年","木造","住宅、その他","住宅","北東","市道",6,"１中住専",60,200,"2024年第4四半期",""
"宅地(土地と建物)","不動産取引価格情報","住宅地","31203","鳥取県","倉吉市","関金町関金宿","倉吉","2H〜",8000000,125,"ほぼ正方形",10,115,"1972年","木造","住宅","住宅","南西","市道",5,"非線引き",70,400,"2025年第3四半期",""
"宅地(土地と建物)","不動産取引価格情報","住宅地","31203","鳥取県","倉吉市","関金町関金宿","倉吉","2H〜",7900000,730,"不整形",39.5,220,"1984年","木造","住宅","住宅","北東","市道",4,"非線引き",70,400,"2025年第1四半期",""
"宅地(土地と建物)","不動産取引価格情報","住宅地","31203","鳥取県","倉吉市","関金町関金宿","倉吉","2H〜",100000,360,"ほぼ長方形",12,85,"1981年","木造","作業場、店舗","住宅","北西","市道","","非線引き",70,400,"2024年第4四半期",""
"宅地(土地と建物)","不動産取引価格情報","住宅地","31203","鳥取県","倉吉市","関金町泰久寺","倉吉","2H〜",100000,820,"台形",46,45,"","木造","住宅","その他","南東","市道","","都計外","","","2025年第1四半期",""
"宅地(土地と建物)","不動産取引価格情報","住宅地","31203","鳥取県","倉吉市","中江","倉吉","30分〜60分",15000000,260,"長方形",11,110,"2005年","木造","住宅","住宅","北東","市道",6,"非線引き",70,400,"2025年第3四半期",""
"宅地(土地と建物)","不動産取引価格情報","住宅地","31203","鳥取県","倉吉市","虹ケ丘町","倉吉","30分〜60分",6500000,155,"ほぼ正方形",12.5,60,"2004年","軽量鉄骨造","住宅","","北西","市道",6,"非線引き",70,400,"2025年第1四半期",""
"宅地(土地と建物)","不動産取引価格情報","住宅地","31203","鳥取県","倉吉市","虹ケ丘町","倉吉","30分〜60分",14000000,140,"ほぼ長方形",12.5,110,"1984年","軽量鉄骨造","住宅","住宅","南東","市道",6,"非線引き",70,400,"2024年第4四半期",""
"宅地(土地と建物)","不動産取引価格情報","住宅地","31203","鳥取県","倉吉市","西福守町","倉吉","1H〜1H30",12000000,290,"長方形",14.5,135,"1993年","軽量鉄骨造","住宅","その他","南東","市道",6,"１中住専",60,200,"2025年第1四半期",""
"宅地(土地と建物)","不動産取引価格情報","住宅地","31203","鳥取県","倉吉市","西福守町","倉吉","1H〜1H30",15000000,185,"ほぼ長方形",10,70,"2018年","木造","住宅","","北西","市道",6,"１種住居",60,200,"2024年第4四半期","調停・競売等"
"宅地(土地と建物)","不動産取引価格情報","住宅地","31203","鳥取県","倉吉市","東昭和町","倉吉","30分〜60分",7000000,310,"長方形",26.5,155,"1975年","木造","住宅、その他","","北東","市道",5,"２中住専",60,200,"2025年第2四半期",""
"宅地(土地と建物)","不動産取引価格情報","住宅地","31203","鳥取県","倉吉市","福庭","倉吉",21,9500000,270,"ほぼ長方形",23,115,"1978年","木造","住宅","","北","市道",4,"１中住専",60,200,"2024年第4四半期",""
"宅地(土地と建物)","不動産取引価格情報","住宅地","31203","鳥取県","倉吉市","福庭町","倉吉",19,33000000,210,"ほぼ長方形",14,140,"2021年","木造","住宅","住宅","北","市道",6,"準工業",60,200,"2025年第2四半期",""
"宅地(土地と建物)","不動産取引価格情報","住宅地","31203","鳥取県","倉吉市","福守町","倉吉","1H〜1H30",17000000,250,"ほぼ長方形",20,155,"2006年","木造","住宅","住宅","南西","道路",6,"工業",60,200,"2025年第1四半期","私道を含む取引"
"宅地(土地と建物)","不動産取引価格情報","住宅地","31203","鳥取県","倉吉市","丸山町","倉吉","1H〜1H30",9000000,195,"ほぼ長方形",11,145,"1996年","木造","住宅","住宅","南","市道",6,"準工業",60,200,"2025年第3四半期",""
"宅地(土地と建物)","不動産取引価格情報","住宅地","31203","鳥取県","倉吉市","山根","倉吉",7,1700000,260,"ほぼ長方形","",145,"1980年","木造","","","南","私道",4,"商業",80,300,"2024年第4四半期",""
"宅地(土地と建物)","成約価格情報","","31204","鳥取県","境港市","上道町","","",13000000,195,"","",160,"1994年","木造","","","南","公道",6,"１中住専",60,200,"2025年第3四半期",""
"宅地(土地と建物)","成約価格情報","","31204","鳥取県","境港市","竹内町","高松町",10,5800000,310,"","",125,"1974年","木造","","","北西","公道",2.4,"１中住専",60,160,"2025年第3四半期",""
"宅地(土地と建物)","成約価格情報","","31204","鳥取県","境港市","小篠津町","中浜",5,5000000,460,"","",175,"1969年","木造","","","南","公道",6,"１種住居",60,200,"2025年第1四半期",""
"宅地(土地と建物)","成約価格情報","","31204","鳥取県","境港市","中野町","","",7500000,200,"","",100,"1997年","木造","","","北","公道",1.8,"１中住専",60,160,"2025年第2四半期",""
"宅地(土地と建物)","成約価格情報","","31204","鳥取県","境港市","夕日ヶ丘","中浜",25,17000000,350,"","",135,"2005年","木造","","","北東","公道",6,"２低住専",60,200,"2025年第2四半期",""
"宅地(土地と建物)","成約価格情報","","31204","鳥取県","境港市","中野町","上道(鳥取)",20,3000000,410,"","",150,"1973年","木造","","","北","公道",4,"１中住専",60,200,"2025年第3四半期",""
"宅地(土地と建物)","不動産取引価格情報","住宅地","31204","鳥取県","境港市","上道町","馬場崎町",16,20000000,210,"ほぼ長方形",16.5,130,"1988年","木造","住宅、駐車場","住宅","北","県道",22,"１種住居",60,200,"2025年第3四半期",""
"宅地(土地と建物)","不動産取引価格情報","住宅地","31204","鳥取県","境港市","上道町","馬場崎町",10,7700000,460,"ほぼ長方形",25,160,"1985年","木造、軽量鉄骨造","事務所","事務所","南","市道",6,"１種住居",60,200,"2025年第3四半期",""
"宅地(土地と建物)","不動産取引価格情報","住宅地","31204","鳥取県","境港市","上道町","馬場崎町",19,15000000,720,"長方形",21.5,145,"1993年","鉄骨造","事務所","事務所","北","市道",15,"１種住居",60,200,"2025年第1四半期",""
"宅地(土地と建物)","不動産取引価格情報","住宅地","31204","鳥取県","境港市","上道町","馬場崎町",21,4700000,1000,"ほぼ台形",43,185,"1951年","木造","住宅","","西","市道",4.5,"準工業",60,200,"2024年第4四半期","調停・競売等"
"宅地(土地と建物)","不動産取引価格情報","住宅地","31204","鳥取県","境港市","上道町","馬場崎町",20,17000000,710,"ほぼ長方形",28.5,250,"","ＲＣ","店舗","店舗","東","市道",5.5,"１中住専",60,200,"2024年第4四半期",""
"宅地(土地と建物)","不動産取引価格情報","住宅地","31204","鳥取県","境港市","芝町","馬場崎町",16,4000000,165,"ほぼ長方形",17,95,"1986年","木造","住宅","住宅","西","市道",4.5,"調整区域",70,400,"2025年第2四半期",""
"宅地(土地と建物)","不動産取引価格情報","住宅地","31204","鳥取県","境港市","清水町","境港",16,15000000,1000,"ほぼ整形",37.5,210,"1992年","木造","共同住宅","住宅","東","市道",3.4,"１中住専",60,200,"2025年第3四半期",""
"宅地(土地と建物)","不動産取引価格情報","住宅地","31204","鳥取県","境港市","清水町","境港",14,20000000,250,"長方形",17,110,"2020年","木造","住宅、駐車場","住宅","東","市道",3,"１中住専",60,200,"2025年第1四半期",""
"宅地(土地と建物)","不動産取引価格情報","住宅地","31204","鳥取県","境港市","清水町","境港",18,6800000,400,"長方形",22,260,"1993年","木造","共同住宅","その他","北","市道",3.3,"１中住専",60,200,"2025年第1四半期",""
"宅地(土地と建物)","不動産取引価格情報","住宅地","31204","鳥取県","境港市","清水町","境港",18,2200000,400,"長方形",23.5,120,"2000年","木造","住宅","その他","南","市道",3.3,"１中住専",60,200,"2025年第1四半期",""
"宅地(土地と建物)","不動産取引価格情報","住宅地","31204","鳥取県","境港市","清水町","馬場崎町",18,600000,280,"長方形",18,150,"1968年","木造","住宅","住宅","北","私道",4,"１中住専",60,200,"2024年第4四半期",""
"宅地(土地と建物)","不動産取引価格情報","工業地","31204","鳥取県","境港市","竹内団地","余子",23,170000000,"2,000㎡以上","ほぼ長方形","50.0m以上",1400,"2001年","鉄骨造","事務所、倉庫","","北東","市道",14,"工業",60,200,"2025年第3四半期",""
"宅地(土地と建物)","不動産取引価格情報","住宅地","31204","鳥取県","境港市","竹内町","余子",4,7200000,630,"ほぼ整形",19,160,"1980年","木造","住宅","住宅","南東","市道",2.6,"１中住専",60,200,"2025年第2四半期",""
"宅地(土地と建物)","不動産取引価格情報","住宅地","31204","鳥取県","境港市","外江町","境港",19,3000000,190,"不整形",27,140,"1978年","木造","事務所","倉庫","北西","市道",15,"１種住居",60,200,"2025年第1四半期",""
"宅地(土地と建物)","不動産取引価格情報","商業地","31204","鳥取県","境港市","外江町","境港",23,15000000,950,"不整形",44,550,"1979年","鉄骨造","事務所、店舗","事務所","東","市道",15,"１種住居",60,200,"2025年第1四半期",""
"宅地(土地と建物)","不動産取引価格情報","住宅地","31204","鳥取県","境港市","外江町","馬場崎町","30分〜60分",62000000,990,"ほぼ整形",21,210,"1998年","軽量鉄骨造","共同住宅","住宅","西","市道",6,"工業",60,200,"2025年第3四半期",""
"宅地(土地と建物)","不動産取引価格情報","住宅地","31204","鳥取県","境港市","外江町","馬場崎町","30分〜60分",16000000,1100,"ほぼ整形",25,270,"1989年","木造","住宅","住宅","南","市道",4,"１種住居",60,200,"2025年第1四半期",""
"宅地(土地と建物)","不動産取引価格情報","住宅地","31204","鳥取県","境港市","外江町","馬場崎町",26,4500000,990,"ほぼ長方形",49,185,"1969年","木造","住宅","住宅","東","市道",2,"１種住居",60,200,"2024年第4四半期",""
"宅地(土地と建物)","不動産取引価格情報","住宅地","31204","鳥取県","境港市","中野町","上道(鳥取)",11,7500000,195,"不整形",9.5,100,"1997年","木造","住宅","住宅","北","市道",2.2,"１中住専",60,200,"2025年第2四半期",""
"宅地(土地と建物)","不動産取引価格情報","商業地","31204","鳥取県","境港市","中町","境港",12,2000000,155,"ほぼ長方形",14,200,"","木造","住宅、店舗","その他","南","市道",6,"商業",80,400,"2024年第4四半期",""
"宅地(土地と建物)","不動産取引価格情報","住宅地","31204","鳥取県","境港市","入船町","境港",20,6000000,220,"ほぼ整形",9,180,"1998年","木造","住宅","住宅","北","市道",6.5,"１種住居",60,200,"2025年第2四半期",""
"宅地(土地と建物)","不動産取引価格情報","住宅地","31204","鳥取県","境港市","馬場崎町","馬場崎町",5,8000000,330,"ほぼ整形",24,160,"1990年","木造","共同住宅","住宅","南西","市道",9,"１種住居",60,200,"2025年第3四半期",""
"宅地(土地と建物)","不動産取引価格情報","住宅地","31204","鳥取県","境港市","福定町","余子",18,7200000,190,"長方形",13,100,"2003年","木造","住宅","住宅","南","市道",3.6,"準工業",60,200,"2025年第3四半期",""
"宅地(土地と建物)","不動産取引価格情報","商業地","31204","鳥取県","境港市","松ケ枝町","境港",6,1000000,135,"ほぼ長方形",9.5,125,"1967年","木造、軽量鉄骨造","事務所、駐車場","事務所","南","市道",15,"商業",80,400,"2024年第4四半期",""
"宅地(土地と建物)","不動産取引価格情報","住宅地","31204","鳥取県","境港市","元町","馬場崎町",10,2000000,560,"ほぼ長方形",25,370,"1965年","軽量鉄骨造","住宅","住宅","北","市道",9,"１種住居",60,200,"2025年第3四半期",""
"宅地(土地と建物)","不動産取引価格情報","住宅地","31204","鳥取県","境港市","渡町","余子","30分〜60分",4500000,250,"不整形",11,130,"1990年","木造","住宅","住宅","南","市道",9,"調整区域",70,400,"2025年第2四半期",""
"宅地(土地と建物)","不動産取引価格情報","住宅地","31302","鳥取県","岩美郡岩美町","大字岩井","岩美","30分〜60分",3600000,60,"長方形",4,80,"","木造","住宅","その他","西","町道",6.5,"非線引き",70,400,"2025年第2四半期",""
"宅地(土地と建物)","不動産取引価格情報","住宅地","31302","鳥取県","岩美郡岩美町","大字大谷","大岩",28,15000000,270,"台形",13,230,"2003年","木造","住宅","事務所","北西","道路",7,"非線引き",70,400,"2024年第4四半期",""
"宅地(土地と建物)","不動産取引価格情報","住宅地","31325","鳥取県","八頭郡若桜町","大字糸白見","若桜","30分〜60分",4000000,1400,"不整形",38,300,"1960年","木造","工場","倉庫","西","国道",12,"都計外","","","2025年第3四半期",""
"宅地(土地と建物)","不動産取引価格情報","住宅地","31325","鳥取県","八頭郡若桜町","大字若桜","若桜",6,1200000,85,"ほぼ整形",8,125,"1955年","木造","住宅","事務所","北西","町道",3,"非線引き",70,400,"2025年第2四半期",""
"宅地(土地と建物)","不動産取引価格情報","住宅地","31325","鳥取県","八頭郡若桜町","大字若桜","若桜",10,1100000,145,"ほぼ台形",14.3,60,"1983年","木造","住宅","住宅","東","町道",6,"非線引き",70,400,"2025年第1四半期",""
"宅地(土地と建物)","不動産取引価格情報","住宅地","31328","鳥取県","八頭郡智頭町","大字智頭","智頭",2,500000,80,"ほぼ正方形",10,90,"1965年","木造","住宅","倉庫","南東","町道",3,"非線引き",70,400,"2024年第4四半期",""
"宅地(土地と建物)","不動産取引価格情報","住宅地","31328","鳥取県","八頭郡智頭町","大字智頭","智頭",11,1300000,95,"ほぼ正方形",10,95,"1960年","木造","住宅","その他","南西","町道",4.5,"非線引き",70,400,"2024年第4四半期",""
"宅地(土地と建物)","不動産取引価格情報","住宅地","31329","鳥取県","八頭郡八頭町","久能寺","八頭高校前",2,9800000,230,"ほぼ整形",21.5,135,"1984年","木造","住宅","住宅","東","町道",6,"非線引き",70,400,"2024年第4四半期",""
"宅地(土地と建物)","不動産取引価格情報","住宅地","31329","鳥取県","八頭郡八頭町","郡家","郡家",5,1500000,115,"台形",8.8,105,"1990年","木造","住宅","住宅","西","町道",6,"非線引き",70,400,"2025年第3四半期",""
"宅地(土地と建物)","不動産取引価格情報","住宅地","31329","鳥取県","八頭郡八頭町","郡家","郡家",14,18000000,175,"ほぼ長方形",10,105,"2020年","木造","住宅","住宅","北東","町道",6,"非線引き",70,400,"2025年第1四半期",""
"宅地(土地と建物)","不動産取引価格情報","住宅地","31364","鳥取県","東伯郡三朝町","大字大瀬","倉吉","1H〜1H30",2900000,230,"ほぼ正方形",14.5,"","1978年","木造","住宅","住宅","西","町道",6,"非線引き",70,400,"2024年第4四半期",""
"宅地(土地と建物)","不動産取引価格情報","住宅地","31364","鳥取県","東伯郡三朝町","大字片柴","倉吉","2H〜",5000000,1700,"ほぼ台形",26,490,"1994年","木造","住宅、駐車場、店舗","住宅","南","県道",12,"都計外","","","2024年第4四半期",""
"宅地(土地と建物)","不動産取引価格情報","住宅地","31364","鳥取県","東伯郡三朝町","大字三朝","倉吉","1H30〜2H",2300000,200,"ほぼ長方形",10.5,220,"1994年","木造","住宅、店舗","住宅","北","県道",15.5,"非線引き",70,400,"2025年第2四半期","調停・競売等"
"宅地(土地と建物)","不動産取引価格情報","住宅地","31370","鳥取県","東伯郡湯梨浜町","大字門田","松崎(鳥取)","30分〜60分",9300000,230,"ほぼ長方形",14,125,"2000年","木造","住宅","住宅","東","町道",6,"非線引き",70,400,"2024年第4四半期",""
"宅地(土地と建物)","不動産取引価格情報","住宅地","31370","鳥取県","東伯郡湯梨浜町","大字田後","倉吉","30分〜60分",3200000,300,"長方形",19.5,100,"1975年","木造","住宅","その他","南東","町道",4,"非線引き",70,400,"2024年第4四半期",""
"宅地(土地と建物)","不動産取引価格情報","住宅地","31370","鳥取県","東伯郡湯梨浜町","大字田後","倉吉","30分〜60分",3500000,135,"長方形",10,100,"1975年","木造","住宅","住宅","南東","町道",4,"非線引き",70,400,"2024年第4四半期",""
"宅地(土地と建物)","不動産取引価格情報","住宅地","31370","鳥取県","東伯郡湯梨浜町","大字泊","泊(鳥取)",13,1800000,85,"ほぼ長方形",11,85,"1982年","木造","住宅","住宅","北","道路",1.5,"都計外","","","2024年第4四半期",""
"宅地(土地と建物)","不動産取引価格情報","住宅地","31370","鳥取県","東伯郡湯梨浜町","大字長江","松崎(鳥取)","30分〜60分",25000000,880,"ほぼ長方形",28,80,"2000年","木造","住宅","住宅","南東","町道",6,"非線引き",70,400,"2025年第1四半期",""
"宅地(土地と建物)","不動産取引価格情報","住宅地","31370","鳥取県","東伯郡湯梨浜町","大字はわい温泉","松崎(鳥取)","30分〜60分",8000000,"2,000㎡以上","不整形",45,720,"1975年","鉄骨造","その他","その他","南西","県道",16,"非線引き",70,400,"2024年第4四半期",""
"宅地(土地と建物)","不動産取引価格情報","住宅地","31370","鳥取県","東伯郡湯梨浜町","はわい長瀬","倉吉","1H〜1H30",14000000,180,"長方形",10,110,"1989年","木造","住宅","住宅","北","町道",5.5,"非線引き",70,400,"2025年第3四半期",""
"宅地(土地と建物)","不動産取引価格情報","住宅地","31370","鳥取県","東伯郡湯梨浜町","はわい長瀬","倉吉","1H〜1H30",12000000,180,"不整形",19,100,"2020年","木造","住宅","","西","町道",3.8,"非線引き",70,400,"2025年第1四半期","調停・競売等"
"宅地(土地と建物)","不動産取引価格情報","住宅地","31370","鳥取県","東伯郡湯梨浜町","はわい長瀬","倉吉","30分〜60分",28000000,195,"ほぼ正方形",15,60,"2024年","木造","住宅","住宅","南","町道",6,"非線引き",70,400,"2024年第4四半期",""
"宅地(土地と建物)","不動産取引価格情報","住宅地","31370","鳥取県","東伯郡湯梨浜町","はわい長瀬","倉吉","1H〜1H30",7500000,1200,"不整形",11,630,"1981年","鉄骨造","倉庫","倉庫","西","国道",13,"非線引き",70,400,"2024年第4四半期",""
"宅地(土地と建物)","不動産取引価格情報","住宅地","31371","鳥取県","東伯郡琴浦町","大字逢束","浦安(鳥取)",13,14000000,1700,"ほぼ長方形",29,170,"1997年","軽量鉄骨造","住宅","事務所","北東","町道",3.8,"非線引き",70,400,"2025年第1四半期",""
"宅地(土地と建物)","不動産取引価格情報","住宅地","31371","鳥取県","東伯郡琴浦町","大字逢束","浦安(鳥取)",16,340000000,"2,000㎡以上","ほぼ長方形","50.0m以上","2,000㎡以上","1971年","鉄骨造","工場、事務所","工場","北東","町道",5,"非線引き",70,400,"2025年第1四半期",""
"宅地(土地と建物)","不動産取引価格情報","住宅地","31371","鳥取県","東伯郡琴浦町","大字下伊勢","浦安(鳥取)",11,1100000,240,"ほぼ整形",17,115,"1969年","木造","住宅","住宅","西","町道",6,"非線引き",70,400,"2025年第3四半期","調停・競売等"
"宅地(土地と建物)","不動産取引価格情報","商業地","31371","鳥取県","東伯郡琴浦町","大字徳万","浦安(鳥取)",6,14000000,550,"ほぼ正方形",23,300,"1982年","鉄骨造","工場、店舗","その他","北","国道",12.5,"非線引き",70,400,"2025年第3四半期",""
"宅地(土地と建物)","不動産取引価格情報","住宅地","31371","鳥取県","東伯郡琴浦町","大字徳万","浦安(鳥取)",6,6900000,290,"ほぼ長方形",14,185,"1979年","軽量鉄骨造","共同住宅","","西","町道",6,"非線引き",70,400,"2025年第2四半期",""
"宅地(土地と建物)","不動産取引価格情報","住宅地","31371","鳥取県","東伯郡琴浦町","大字徳万","浦安(鳥取)",4,6000000,540,"台形",38,165,"1996年","木造","住宅","住宅","西","町道",18,"非線引き",70,400,"2025年第2四半期",""
"宅地(土地と建物)","不動産取引価格情報","住宅地","31371","鳥取県","東伯郡琴浦町","大字保","浦安(鳥取)",8,15000000,860,"ほぼ長方形",15,210,"2001年","木造","住宅","住宅","西","町道",6,"非線引き",70,400,"2024年第4四半期",""
"宅地(土地と建物)","不動産取引価格情報","住宅地","31371","鳥取県","東伯郡琴浦町","大字法万","浦安(鳥取)","1H〜1H30",18000000,"2,000㎡以上","不整形",37,"2,000㎡以上","1977年","鉄骨造","倉庫","倉庫","西","県道",7.5,"都計外","","","2025年第2四半期",""
"宅地(土地と建物)","不動産取引価格情報","住宅地","31371","鳥取県","東伯郡琴浦町","大字美好","浦安(鳥取)","30分〜60分",21000000,1800,"ほぼ長方形",49.5,320,"1996年","木造","住宅","住宅","北","町道",3.1,"非線引き",70,400,"2025年第2四半期",""
"宅地(土地と建物)","不動産取引価格情報","住宅地","31371","鳥取県","東伯郡琴浦町","大字八橋","八橋",18,5000000,400,"不整形",8,80,"2003年","木造","住宅","住宅","北西","町道",3.4,"非線引き",70,400,"2025年第3四半期",""
"宅地(土地と建物)","不動産取引価格情報","住宅地","31371","鳥取県","東伯郡琴浦町","大字八幡","赤碕",9,2000000,280,"ほぼ長方形",14,155,"1960年","木造","住宅","住宅","北西","県道",6,"非線引き",70,400,"2025年第3四半期",""
"宅地(土地と建物)","不動産取引価格情報","住宅地","31372","鳥取県","東伯郡北栄町","江北","下北条","30分〜60分",2700000,280,"長方形",12.5,210,"1954年","木造","住宅、店舗","住宅","北","町道",5,"非線引き",70,400,"2025年第2四半期",""
"宅地(土地と建物)","不動産取引価格情報","住宅地","31372","鳥取県","東伯郡北栄町","江北","下北条","30分〜60分",1900000,60,"ほぼ長方形",7,55,"1983年","木造","住宅","住宅","南西","町道",6,"非線引き",70,400,"2025年第2四半期",""
"宅地(土地と建物)","不動産取引価格情報","住宅地","31372","鳥取県","東伯郡北栄町","江北","下北条","30分〜60分",9000000,190,"ほぼ長方形",11,75,"1984年","木造","住宅","住宅","南西","町道",6,"非線引き",70,400,"2024年第4四半期",""
"宅地(土地と建物)","不動産取引価格情報","住宅地","31372","鳥取県","東伯郡北栄町","大谷","由良","30分〜60分",1500000,730,"不整形",30.5,105,"","木造","住宅","住宅","北東","町道",3.4,"非線引き",70,400,"2024年第4四半期",""
"宅地(土地と建物)","不動産取引価格情報","住宅地","31372","鳥取県","東伯郡北栄町","下種","由良","30分〜60分",3500000,"2,000㎡以上","ほぼ長方形","50.0m以上","","","","","工場","南西","町道",7.5,"都計外","","","2025年第1四半期",""
"宅地(土地と建物)","不動産取引価格情報","住宅地","31372","鳥取県","東伯郡北栄町","北条島","下北条",26,5200000,165,"ほぼ正方形",14,90,"1980年","木造","住宅","","南東","町道",5,"非線引き",70,400,"2025年第2四半期",""
"宅地(土地と建物)","不動産取引価格情報","住宅地","31372","鳥取県","東伯郡北栄町","六尾","由良",14,2100000,220,"ほぼ台形",11,"","","","住宅","住宅","東","町道",6,"非線引き",70,400,"2025年第1四半期",""
"宅地(土地と建物)","不動産取引価格情報","住宅地","31372","鳥取県","東伯郡北栄町","由良宿","由良",11,7200000,700,"不整形",32.5,105,"","","","事務所","西","町道",6.5,"非線引き",70,400,"2024年第4四半期",""
"宅地(土地と建物)","成約価格情報","","31384","鳥取県","西伯郡日吉津村","大字日吉津","","",28000000,185,"","",95,"2021年","木造","","","東","公道",6,"工業",60,200,"2024年第4四半期",""
"宅地(土地と建物)","成約価格情報","","31384","鳥取県","西伯郡日吉津村","大字日吉津","","",31000000,200,"","",130,"2018年","木造","","","南","公道",4.6,"準工業",60,200,"2024年第4四半期",""
"宅地(土地と建物)","成約価格情報","","31384","鳥取県","西伯郡日吉津村","大字日吉津","伯耆大山",10,23000000,205,"","",120,"2017年","木造","","","西","公道",9.3,"準工業",60,200,"2025年第2四半期",""
"宅地(土地と建物)","不動産取引価格情報","住宅地","31384","鳥取県","西伯郡日吉津村","大字富吉","伯耆大山",20,16000000,820,"ほぼ整形",33,210,"2001年","木造","住宅","住宅","北","村道",4.5,"１種住居",60,200,"2025年第1四半期","調停・競売等"
"宅地(土地と建物)","不動産取引価格情報","住宅地","31386","鳥取県","西伯郡大山町","赤坂","中山口",16,1200000,460,"ほぼ整形",26,30,"","","倉庫","その他","南","町道",3,"都計外","","","2024年第4四半期","調停・競売等"
"宅地(土地と建物)","不動産取引価格情報","住宅地","31386","鳥取県","西伯郡大山町","赤松","淀江","1H30〜2H",1100000,165,"長方形",10,60,"1988年","木造","住宅","その他","東","私道",4.5,"都計外","","","2025年第3四半期",""
"宅地(土地と建物)","不動産取引価格情報","住宅地","31386","鳥取県","西伯郡大山町","下市","下市",13,2200000,100,"ほぼ長方形",7,85,"1955年","木造","住宅","その他","南","県道",6.5,"都計外","","","2024年第4四半期",""
"宅地(土地と建物)","不動産取引価格情報","住宅地","31386","鳥取県","西伯郡大山町","末吉","大山口",16,3000000,700,"ほぼ長方形",16.5,220,"1957年","木造","住宅","","東","町道",4.5,"都計外","","","2024年第4四半期",""
"宅地(土地と建物)","不動産取引価格情報","住宅地","31386","鳥取県","西伯郡大山町","高田","大山口","30分〜60分",2500000,800,"ほぼ整形",23,140,"1986年","木造","住宅","住宅","西","町道",3.8,"都計外","","","2025年第2四半期",""
"宅地(土地と建物)","不動産取引価格情報","住宅地","31389","鳥取県","西伯郡南部町","東町","米子","1H〜1H30",2500000,250,"ほぼ長方形",12.5,90,"1973年","木造","住宅","住宅","西","町道",5,"都計外","","","2025年第2四半期",""
"宅地(土地と建物)","不動産取引価格情報","住宅地","31389","鳥取県","西伯郡南部町","倭","米子","1H30〜2H",20000000,850,"ほぼ長方形",40,400,"1986年","木造","住宅","住宅","東","町道",4,"都計外","","","2025年第2四半期",""
"宅地(土地と建物)","不動産取引価格情報","住宅地","31390","鳥取県","西伯郡伯耆町","遠藤","岸本",19,5500000,270,"長方形",13,200,"1994年","木造","共同住宅","住宅","東","町道",6,"都計外","","","2024年第4四半期",""
"宅地(土地と建物)","不動産取引価格情報","住宅地","31390","鳥取県","西伯郡伯耆町","大殿","岸本",18,9500000,340,"ほぼ整形",17,155,"1983年","木造","住宅","住宅","南","町道",5,"都計外","","","2025年第2四半期",""
"宅地(土地と建物)","不動産取引価格情報","住宅地","31390","鳥取県","西伯郡伯耆町","金屋谷","伯耆溝口","1H〜1H30",3500000,230,"ほぼ長方形","",90,"1998年","木造","住宅","住宅","西","私道",4,"都計外","","","2025年第3四半期",""
"宅地(土地と建物)","不動産取引価格情報","住宅地","31390","鳥取県","西伯郡伯耆町","添谷","伯耆溝口","1H30〜2H",7800000,330,"ほぼ整形",13,180,"2000年","鉄骨造、木造","住宅","","南","私道",3.5,"都計外","","","2024年第4四半期",""
"宅地(土地と建物)","不動産取引価格情報","住宅地","31390","鳥取県","西伯郡伯耆町","添谷","伯耆溝口","1H30〜2H",150000,330,"ほぼ整形",21.5,35,"1979年","木造","住宅","","南","私道",3.5,"都計外","","","2024年第4四半期",""
"宅地(土地と建物)","不動産取引価格情報","住宅地","31390","鳥取県","西伯郡伯耆町","福兼","伯耆溝口","1H30〜2H",4000000,330,"ほぼ長方形",17.5,90,"1991年","木造","住宅","","南東","私道",6,"都計外","","","2025年第1四半期",""
"宅地(土地と建物)","不動産取引価格情報","住宅地","31390","鳥取県","西伯郡伯耆町","福兼","伯耆溝口","1H30〜2H",12000000,800,"ほぼ台形",48,105,"1992年","木造","住宅","","南東","私道",6,"都計外","","","2024年第4四半期",""
"宅地(土地と建物)","不動産取引価格情報","住宅地","31390","鳥取県","西伯郡伯耆町","丸山","岸本","1H〜1H30",17000000,770,"ほぼ台形",30,180,"2002年","軽量鉄骨造","住宅","","南","町道",6,"都計外","","","2025年第3四半期",""
"宅地(土地と建物)","不動産取引価格情報","住宅地","31401","鳥取県","日野郡日南町","折渡","生山","2H〜",4500000,540,"ほぼ整形",31,195,"1988年","木造","住宅","住宅","東","町道",4,"都計外","","","2025年第1四半期",""
"宅地(土地と建物)","不動産取引価格情報","住宅地","31401","鳥取県","日野郡日南町","霞","生山","30分〜60分",1500000,1500,"不整形",29.5,210,"","木造","住宅","住宅","南東","道路",4,"都計外","","","2024年第4四半期",""
"宅地(土地と建物)","不動産取引価格情報","商業地","31401","鳥取県","日野郡日南町","生山","生山",4,1200000,370,"ほぼ長方形",12.5,"","","","","その他","北","町道",4,"都計外","","","2025年第1四半期",""
"宅地(土地と建物)","不動産取引価格情報","住宅地","31402","鳥取県","日野郡日野町","板井原","根雨","1H30〜2H",400000,400,"ほぼ正方形",20.5,60,"","木造","住宅","住宅","北東","県道",4,"都計外","","","2025年第2四半期",""
"宅地(土地と建物)","不動産取引価格情報","住宅地","31402","鳥取県","日野郡日野町","高尾","根雨",23,50000,90,"ほぼ台形","",60,"1965年","木造","住宅","住宅","南西","国道",10,"都計外","","","2025年第1四半期",""
